url,product,page_type_hint,name
https://www.lg.com/us/experience/how-to-measure-and-read-tv-sizes,TV,Experience,experience - TV Size
https://www.lg.com/us/experience/what-is-a-smart-tv,TV,Experience,experience - what is smart tv
https://www.lg.com/us/experience/which-lg-tv-is-right-for-you,TV,Experience,experience - which lg tv is right for you
https://www.lg.com/us/lgoledartweek2025,TV,Microsite,Microsite - OLED ART
https://www.lg.com/us/microrgb,TV,Microsite,Micro RGB
https://www.lg.com/us/webos,TV,Microsite,Microsite- Webos Microsite
https://www.lg.com/us/webos/about,TV,Microsite,Microsite- Webos Microsite
https://www.lg.com/us/webos/discover,TV,Microsite,Microsite- Webos Microsite
https://www.lg.com/us/webos/gaming-lifestyle,TV,Microsite,Microsite- Webos Microsite
https://www.lg.com/us/webos/home-screen-apps,TV,Microsite,Microsite- Webos Microsite
https://www.lg.com/us/webos/lg-streaming-week,TV,Microsite,Microsite- Webos Microsite
https://www.lg.com/us/tvs/lg-100mrgb95bu-mrgb-4k-tv,TV,PDP,100mrgb95bu
https://www.lg.com/us/tvs/lg-100qned84bu-qned-4k-tv,TV,PDP,100qned84bu
https://www.lg.com/us/tvs/lg-115qned92bu-qned-4k-tv,TV,PDP,115qned92bu
https://www.lg.com/us/tvs/lg-43nu700bpuc-4k-uhd-tv,TV,PDP,43nu700bpuc
https://www.lg.com/us/tvs/lg-43qned74bua-qned-4k-tv,TV,PDP,43qned74bua
https://www.lg.com/us/tvs/lg-43qned75bua-qned-4k-tv,TV,PDP,43qned75bua
https://www.lg.com/us/tvs/lg-50nu700bpua-4k-uhd-tv,TV,PDP,50nu700bpua
https://www.lg.com/us/tvs/lg-50qned75bua-qned-4k-tv,TV,PDP,50qned75bua
https://www.lg.com/us/tvs/lg-55nu700bpua-4k-uhd-tv,TV,PDP,55nu700bpua
https://www.lg.com/us/tvs/lg-55nu850baua-4k-uhd-tv,TV,PDP,55nu850baua
https://www.lg.com/us/tvs/lg-55nu850bpua-4k-uhd-tv,TV,PDP,55nu850bpua
https://www.lg.com/us/tvs/lg-65nu700bpua-4k-uhd-tv,TV,PDP,65nu700bpua
https://www.lg.com/us/tvs/lg-65nu850baua-4k-uhd-tv,TV,PDP,65nu850baua
https://www.lg.com/us/tvs/lg-55qned75bua-qned-4k-tv,TV,PDP,55qned75bua
https://www.lg.com/us/tvs/lg-55qned84bua-qned-4k-tv,TV,PDP,55qned84bua
https://www.lg.com/us/tvs/lg-65nu850bpua-4k-uhd-tv,TV,PDP,65nu850bpua
https://www.lg.com/us/tvs/lg-70nu850baud-4k-uhd-tv,TV,PDP,70nu850baud
https://www.lg.com/us/tvs/lg-75mrgb95bua-mrgb-4k-tv,TV,PDP,75mrgb95bua
https://www.lg.com/us/tvs/lg-75nu700bpua-4k-uhd-tv,TV,PDP,75nu700bpua
https://www.lg.com/us/tvs/lg-65qned75bua-qned-4k-tv,TV,PDP,65qned75bua
https://www.lg.com/us/tvs/lg-65qned84bua-qned-4k-tv,TV,PDP,65qned84bua
https://www.lg.com/us/tvs/lg-75nu850bpua-4k-uhd-tv,TV,PDP,75nu850bpua
https://www.lg.com/us/tvs/lg-75qned75baa-qned-4k-tv,TV,PDP,75qned75baa
https://www.lg.com/us/tvs/lg-75qned84bua-qned-4k-tv,TV,PDP,75qned84bua
https://www.lg.com/us/tvs/lg-85nu700bpua-4k-uhd-tv,TV,PDP,85nu700bpua
https://www.lg.com/us/tvs/lg-85nu850bpua-4k-uhd-tv,TV,PDP,85nu850bpua
https://www.lg.com/us/tvs/lg-85nu870baua-4k-uhd-tv,TV,PDP,85nu870baua
https://www.lg.com/us/tvs/lg-85qned74bua-qned-4k-tv,TV,PDP,85qned74bua
https://www.lg.com/us/tvs/lg-86mrgb95bua-mrgb-4k-tv,TV,PDP,86mrgb95bua
https://www.lg.com/us/tvs/lg-85qned75bua-qned-4k-tv,TV,PDP,85qned75bua
https://www.lg.com/us/tvs/lg-85qned84bua-qned-4k-tv,TV,PDP,85qned84bua
https://www.lg.com/us/tvs/lg-98nu850baub-4k-uhd-tv,TV,PDP,98nu850baub
https://www.lg.com/us/tvs/lg-98nu850bpub-4k-uhd-tv,TV,PDP,98nu850bpub
https://www.lg.com/us/tvs/lg-oled42c6pua-oled-4k-tv,TV,PDP,oled42c6pua
https://www.lg.com/us/tvs/lg-oled48c6pua-oled-4k-tv,TV,PDP,oled48c6pua
https://www.lg.com/us/tvs/lg-oled55c6pua-oled-4k-tv,TV,PDP,oled55c6pua
https://www.lg.com/us/tvs/lg-oled55g6wua-oled-4k-tv,TV,PDP,oled55g6wua
https://www.lg.com/us/tvs/lg-oled65b6gua-oled-4k-tv,TV,PDP,oled65b6gua
https://www.lg.com/us/tvs/lg-oled65c6pua-oled-4k-tv,TV,PDP,oled65c6pua
https://www.lg.com/us/tvs/lg-oled65g6wua-oled-4k-tv,TV,PDP,oled65g6wua
https://www.lg.com/us/tvs/lg-oled77b6gua-oled-4k-tv,TV,PDP,oled77b6gua
https://www.lg.com/us/tvs/lg-oled77c6hup-oled-4k-tv,TV,PDP,oled77c6hup
https://www.lg.com/us/tvs/lg-oled77g6wua-oled-4k-tv,TV,PDP,oled77g6wua
https://www.lg.com/us/tvs/lg-oled77w6pua-oled-4k-tv,TV,PDP,oled77w6pua
https://www.lg.com/us/tvs/lg-oled83b6gua-oled-4k-tv,TV,PDP,oled83b6gua
https://www.lg.com/us/tvs/lg-oled83c6hup-oled-4k-tv,TV,PDP,oled83c6hup
https://www.lg.com/us/tvs/lg-oled83g6wua-oled-4k-tv,TV,PDP,oled83g6wua
https://www.lg.com/us/tvs/lg-oled83w6pua-oled-4k-tv,TV,PDP,oled83w6pua
https://www.lg.com/us/tvs/lg-oled97g6wua-oled-4k-tv,TV,PDP,oled97g6wua
https://www.lg.com/us/8k-tvs,TV,PLP,8K TV PLP
https://www.lg.com/us/collections/4k-tvs,TV,PLP,4K TV PLP
https://www.lg.com/us/collections/hd-tvs,TV,PLP,HD PLP
https://www.lg.com/us/oled-evo-tvs,TV,PLP,OLED evo PLP
https://www.lg.com/us/oled-tvs,TV,PLP,OLED PLP
https://www.lg.com/us/promotions/best-selling-tvs-sound-bars-audio-video,TV,PLP,TV bundle PLP
https://www.lg.com/us/promotions/soundbar-bundle-savings,TV,PLP,TV bundle PLP 2
https://www.lg.com/us/qned-evo-ai-tv,TV,PLP,QNED evo PLP
https://www.lg.com/us/qned-tvs,TV,PLP,QNED PLP
https://www.lg.com/us/tvs,TV,PLP,All TV PLP
https://www.lg.com/us/uhd-4k-tvs,TV,PLP,UHD PLP
https://www.lg.com/us/tvs/tv-buying-guide,TV,PLP (Microsite),TV buying guide - hub page
https://www.lg.com/us/tvs/tv-buying-guide/right-tv-size-for-my-room,TV,PLP (Microsite),TV buying guide - Size
https://www.lg.com/us/tvs/tv-buying-guide/picture-quality-tv-guide,TV,PLP (Microsite),TV buying guide - picture quality
https://www.lg.com/us/tvs/tv-buying-guide/ai-tv-for-smarter-viewing,TV,PLP (Microsite),TV buying guide - Smart TV
https://www.lg.com/us/tvs/tv-buying-guide/art-tv-for-your-space,TV,PLP (Microsite),TV buying guide - Art TV
https://www.lg.com/us/tvs/tv-buying-guide/tv-for-gaming,TV,PLP (Microsite),TV buying guide - Gaming TV
https://www.lg.com/us/tvs/tv-buying-guide/tv-for-sports-fans,TV,PLP (Microsite),TV buying guide - Sport TV
https://www.lg.com/us/tvs/tv-buying-guide/tv-for-watching-movies,TV,PLP (Microsite),TV buying guide - Home Cinema
https://www.lg.com/us/tvs/tv-buying-guide/what-makes-a-4k-tv-a-good-choice,TV,PLP (Microsite),TV buying guide - What is 4K TV
https://www.lg.com/us/tvs/discover-big-screen-tvs,TV,PLP (Microsite),Microsite - UltraBig TV
https://www.lg.com/us/collections/55-inch-tvs,TV,Static Inch,55 Inch Static
https://www.lg.com/us/collections/65-inch-tvs,TV,Static Inch,65 Inch Static
https://www.lg.com/us/collections/75-inch-tvs,TV,Static Inch,75 Inch Static
https://www.lg.com/us/collections/83-inch-tvs,TV,Static Inch,83 Inch Static
https://www.lg.com/us/collections/97-inch-tvs,TV,Static Inch,97 Inch Static
https://www.lg.com/us/discover-ultragear-evo-monitors,IT,Microsite,Ultragear evo
https://www.lg.com/us/monitors/ultragear-buying-guide,IT,Microsite,Ultragear buying guide Hub
https://www.lg.com/us/monitors/ultragear-buying-guide/refresh-rate,IT,Microsite,Ultragear buying guide refresh-rate
https://www.lg.com/us/monitors/ultragear-buying-guide/resolution,IT,Microsite,Ultragear buying guide resolution
https://www.lg.com/us/monitors/ultragear-buying-guide/screen-size,IT,Microsite,Ultragear buying guide Size
https://www.lg.com/us/monitors/ultragear-buying-guide/work-and-play,IT,Microsite,Ultragear buying guide work
https://www.lg.com/us/monitors/lg-25g590b-b-gaming-monitor,IT,PDP,25G590B
https://www.lg.com/us/monitors/lg-27gm950b-b-gaming-monitor,IT,PDP,27gm950b-b
https://www.lg.com/us/monitors/lg-27gx790b-b-gaming-monitor,IT,PDP,27gx790b-b
https://www.lg.com/us/monitors/lg-32gx870a-b-gaming-monitor,IT,PDP,32gx870a-b
https://www.lg.com/us/monitors/lg-39gx950b-b-gaming-monitor,IT,PDP,39gx950b-b
https://www.lg.com/us/monitors/lg-45gx950b-b-gaming-monitor,IT,PDP,45GX950B
https://www.lg.com/us/monitors/lg-52g930b-b-gaming-monitor,IT,PDP,52g930b-b
https://www.lg.com/us/4k-monitors,IT,PLP,UltraFine 5K 4K UHD Monitors
https://www.lg.com/us/collections/5k-monitors,IT,PLP,5K Monitors
https://www.lg.com/us/fhd-monitors,IT,PLP,FHD Monitors
https://www.lg.com/us/gaming-monitors,IT,PLP,UltraGear gaming
https://www.lg.com/us/lifestyle-monitors,IT,PLP,Lifestyle Monitors
https://www.lg.com/us/monitor-tvs,IT,PLP,Monitor TV
https://www.lg.com/us/monitors,IT,PLP,All Monitors
https://www.lg.com/us/monitors/monitor-setup-guide,IT,PLP,monitor setup
https://www.lg.com/us/qhd-monitors,IT,PLP,FHD QHD
https://www.lg.com/us/smart-monitors,IT,PLP,Smart Monitors
https://www.lg.com/us/ultragear-oled-gaming-monitors,IT,PLP,UltraGear gaming OLED
https://www.lg.com/us/ultrawide-monitors,IT,PLP,UltraWide
https://www.lg.com/us/soundbar-experience,SoundSuite,Microsite,soundbar experience
https://www.lg.com/us/soundbars/lg-h7-w7-cinema-suite,SoundSuite,PDP,cinema-suite-7
https://www.lg.com/us/soundbars/lg-m5-p2-h7-immersive-suite-5,SoundSuite,PDP,immersive-suite-5
https://www.lg.com/us/soundbars/lg-m5-p2-h7-w7-immersive-suite-5-pro,SoundSuite,PDP,immersive-suite-5 Pro
https://www.lg.com/us/soundbars/lg-m5-p4-h7-immersive-quad-suite-5,SoundSuite,PDP,immersive-quad-suite-5
https://www.lg.com/us/soundbars/lg-m5-p4-h7-w7-immersive-quad-suite-5-pro,SoundSuite,PDP,immersive-quad-suite-5 Pro
https://www.lg.com/us/soundbars/lg-m7-p2-h7-immersive-suite-7,SoundSuite,PDP,immersive-suite-7
https://www.lg.com/us/soundbars/lg-m7-p2-h7-w7-immersive-suite-7-pro,SoundSuite,PDP,immersive-suite-7 pro
https://www.lg.com/us/soundbars/lg-m7-p2-w7-stereo-suite-7-pro,SoundSuite,PDP,stereo-suite-7 Pro
https://www.lg.com/us/soundbars/lg-m7-p4-h7-immersive-quad-suite-7,SoundSuite,PDP,immersive-quad-suite-7
https://www.lg.com/us/soundbars/lg-m7-p4-h7-w7-immersive-quad-suite-7-pro,SoundSuite,PDP,immersive-quad-suite-7 Pro
https://www.lg.com/us/soundbars/lg-sound-suite-h7-soundbar,SoundSuite,PDP,H7
https://www.lg.com/us/speakers/lg-sound-suite-m5-compact-wireless-speaker,SoundSuite,PDP,M5
https://www.lg.com/us/speakers/lg-sound-suite-m7-premium-wireless-speaker,SoundSuite,PDP,M7
https://www.lg.com/us/subwoofers/lg-sound-suite-w7-wireless-subwoofer,SoundSuite,PDP,W7
https://www.lg.com/us/collections/dolby-atmos-sound-bars,SoundSuite,PLP,dolby atmos PLP
https://www.lg.com/us/collections/home-theater-soundbars,SoundSuite,PLP,home theater PLP
https://www.lg.com/us/collections/sound-suite-audio-system,SoundSuite,PLP,All Sound Suite PLP
https://www.lg.com/us/sound-suite,SoundSuite,PLP,CAT
https://www.lg.com/us/sound-suite/faq,SoundSuite,PLP,CAT (FAQ)
https://www.lg.com/us/soundbars,SoundSuite,PLP,soundbar PLP
https://www.lg.com/us/audio,Audio,PLP,us/audio
https://www.lg.com/us/discover-smart-monitors,Monitor,PLP,us/discover-smart-monitors
https://www.lg.com/us/gaming-speakers,Audio,PLP,us/gaming-speakers
https://www.lg.com/us/home-audio/discontinued,Audio,PLP,us/home-audio/discontinued
https://www.lg.com/us/monitors/discontinued,Monitor,PLP,us/monitors/discontinued
https://www.lg.com/us/nanocell-tvs,TV,PLP,us/nanocell-tvs
https://www.lg.com/us/party-speakers,Audio,PLP,us/party-speakers
https://www.lg.com/us/sound-bars,Audio,PLP,us/sound-bars
https://www.lg.com/us/speakers,Audio,PLP,us/speakers
https://www.lg.com/us/tvs/discontinued,TV,PLP,us/tvs/discontinued
https://www.lg.com/us/wireless-bluetooth-speakers,Audio,PLP,us/wireless-bluetooth-speakers
https://www.lg.com/us/worlds-number-one-oled-tv,TV,PLP,us/worlds-number-one-oled-tv
https://www.lg.com/us/xboom,Audio,PLP,us/xboom
https://www.lg.com/us/support/help-library/burner-flames-yellow-or-red-gas-cooktops-ranges-CT00000303-20150483115715ELR,,support_troubleshoot,burner-flames-yellow-or-red-gas-cooktops-ranges-CT00000303-20150483115715ELR
https://www.lg.com/us/support/help-library/general-maintenance-and-cleaning-ranges-and-cooktops-CT00000303-20152320015536ELR,,support_troubleshoot,general-maintenance-and-cleaning-ranges-and-cooktops-CT00000303-20152320015536ELR
https://www.lg.com/us/support/help-library/how-to-set-up-a-game-controller-for-webos-gaming-CT10000030-20152528678452,,support_troubleshoot,how-to-set-up-a-game-controller-for-webos-gaming-CT10000030-20152528678452
https://www.lg.com/us/support/help-library/lg-washer-how-to-open-the-signature-sidekick-door-and-drawer-CT10000010-20153050745234,,support_troubleshoot,lg-washer-how-to-open-the-signature-sidekick-door-and-drawer-CT10000010-20153050745234
https://www.lg.com/us/support/help-library/lg-washer-what-is-a-de4-error-code-on-a-sidekick-washing-machine-CT10000010-20153050877731,,support_troubleshoot,lg-washer-what-is-a-de4-error-code-on-a-sidekick-washing-machine-CT10000010-20153050877731
https://www.lg.com/us/support/help-library/lg-washer-what-does-a-spinning-screen-mean-on-my-sidekick-CT10000010-20153050883087,,support_troubleshoot,lg-washer-what-does-a-spinning-screen-mean-on-my-sidekick-CT10000010-20153050883087
https://www.lg.com/us/support/help-library/lg-washer-installation-and-assembly-sequence-for-an-lg-sidekick-CT10000010-20153050888082,,support_troubleshoot,lg-washer-installation-and-assembly-sequence-for-an-lg-sidekick-CT10000010-20153050888082
https://www.lg.com/us/support/help-library/lg-washer-a-tcl-tub-clean-code-is-displayed-on-sidekick-CT10000010-20153050916750,,support_troubleshoot,lg-washer-a-tcl-tub-clean-code-is-displayed-on-sidekick-CT10000010-20153050916750
https://www.lg.com/us/support/help-library/lg-sidekick-the-washing-machine-drawer-cannot-be-opened-CT10000010-20153061606974,,support_troubleshoot,lg-sidekick-the-washing-machine-drawer-cannot-be-opened-CT10000010-20153061606974
https://www.lg.com/us/support/help-library/lg-sidekick-why-is-water-leaking-around-the-door-CT10000010-20153061613095,,support_troubleshoot,lg-sidekick-why-is-water-leaking-around-the-door-CT10000010-20153061613095
https://www.lg.com/us/support/help-library/lg-sidekick-how-to-identify-the-washing-machine-cycle-status-CT10000010-20153061640941,,support_troubleshoot,lg-sidekick-how-to-identify-the-washing-machine-cycle-status-CT10000010-20153061640941
https://www.lg.com/us/support/help-library/lg-washer-water-is-left-in-the-washing-machine-CT10000010-20153066193881,,support_troubleshoot,lg-washer-water-is-left-in-the-washing-machine-CT10000010-20153066193881
https://www.lg.com/us/support/help-library/lg-washing-machine-freezing-mini-washer-how-to-prevent-freezing-how-to-prevent-freezing-in-the-winter-CT10000010-20153066317837,,support_troubleshoot,lg-washing-machine-freezing-mini-washer-how-to-prevent-freezing-how-to-prevent-freezing-in-the-winter-CT10000010-20153066317837
https://www.lg.com/us/support/help-library/lg-top-load-washing-machine-why-is-an-ae-le-or-le1-error-code-being-displayed-and-the-tub-is-not-spinning-CT10000010-20153066333852,,support_troubleshoot,lg-top-load-washing-machine-why-is-an-ae-le-or-le1-error-code-being-displayed-and-the-tub-is-not-spinning-CT10000010-20153066333852
https://www.lg.com/us/support/help-library/lg-top-load-washer-winterization-tips-CT10000010-20153066351319,,support_troubleshoot,lg-top-load-washer-winterization-tips-CT10000010-20153066351319
https://www.lg.com/us/support/help-library/lg-top-load-washing-machine-why-did-my-washing-machine-stop-without-completing-washing-CT10000010-20153066393546,,support_troubleshoot,lg-top-load-washing-machine-why-did-my-washing-machine-stop-without-completing-washing-CT10000010-20153066393546
https://www.lg.com/us/support/help-library/ps-guide-lg-washer-my-washing-machine-makes-a-rattling-noise-and-the-tub-does-not-spin-CT10000010-20153066404205,,support_troubleshoot,ps-guide-lg-washer-my-washing-machine-makes-a-rattling-noise-and-the-tub-does-not-spin-CT10000010-20153066404205
https://www.lg.com/us/support/help-library/lg-washing-machine-why-does-an-alarm-beep-during-washing-CT10000010-20153066411124,,support_troubleshoot,lg-washing-machine-why-does-an-alarm-beep-during-washing-CT10000010-20153066411124
https://www.lg.com/us/support/help-library/lg-washing-machine-sound-mini-washer-a-fabric-softener-injection-alarm-sound-buzzer-sound-is-not-heard-during-the-rinse-cycle-CT10000010-20153067191536,,support_troubleshoot,lg-washing-machine-sound-mini-washer-a-fabric-softener-injection-alarm-sound-buzzer-sound-is-not-heard-during-the-rinse-cycle-CT10000010-20153067191536
https://www.lg.com/us/support/help-library/lg-washing-machine-buttons-mini-washer-a-button-touch-on-the-control-panel-is-not-recognized-properly-and-the-response-is-delayed-CT10000010-20153067205028,,support_troubleshoot,lg-washing-machine-buttons-mini-washer-a-button-touch-on-the-control-panel-is-not-recognized-properly-and-the-response-is-delayed-CT10000010-20153067205028
https://www.lg.com/us/support/help-library/lg-washing-machine-how-to-use-mini-washer-i-m-curious-about-how-to-use-the-detergent-measuring-cup-CT10000010-20153067214728,,support_troubleshoot,lg-washing-machine-how-to-use-mini-washer-i-m-curious-about-how-to-use-the-detergent-measuring-cup-CT10000010-20153067214728
https://www.lg.com/us/support/help-library/lg-washing-machine-mini-washer-why-is-my-washing-machine-not-rinsing-well-CT10000010-20153067243863,,support_troubleshoot,lg-washing-machine-mini-washer-why-is-my-washing-machine-not-rinsing-well-CT10000010-20153067243863
https://www.lg.com/us/support/help-library/lg-washing-machine-mini-washer-there-is-a-musty-odor-from-the-washing-machine-CT10000010-20153067248706,,support_troubleshoot,lg-washing-machine-mini-washer-there-is-a-musty-odor-from-the-washing-machine-CT10000010-20153067248706
https://www.lg.com/us/support/help-library/lg-top-load-washing-machine-the-tub-clean-cycle-is-carried-out-without-water-CT10000010-20153067253554,,support_troubleshoot,lg-top-load-washing-machine-the-tub-clean-cycle-is-carried-out-without-water-CT10000010-20153067253554
https://www.lg.com/us/support/help-library/lg-top-load-washing-machine-the-spin-cycle-is-completed-but-water-still-remains-in-the-laundry-CT10000010-20153067257876,,support_troubleshoot,lg-top-load-washing-machine-the-spin-cycle-is-completed-but-water-still-remains-in-the-laundry-CT10000010-20153067257876
https://www.lg.com/us/support/help-library/lg-top-load-washing-machine-rinsing-cycle-is-weak-and-bubbles-remain-CT10000010-20153067323651,,support_troubleshoot,lg-top-load-washing-machine-rinsing-cycle-is-weak-and-bubbles-remain-CT10000010-20153067323651
https://www.lg.com/us/support/help-library/lg-top-load-washing-machine-what-are-le-and-le1-error-codes-CT10000010-20153067399859,,support_troubleshoot,lg-top-load-washing-machine-what-are-le-and-le1-error-codes-CT10000010-20153067399859
https://www.lg.com/us/support/help-library/lg-washing-machine-whys-is-water-not-draining-from-my-washer-CT10000010-20153067403293,,support_troubleshoot,lg-washing-machine-whys-is-water-not-draining-from-my-washer-CT10000010-20153067403293
https://www.lg.com/us/support/help-library/lg-top-load-washing-machine-when-i-shake-the-tub-the-sound-of-sloshing-water-is-heard-CT10000010-20153067405970,,support_troubleshoot,lg-top-load-washing-machine-when-i-shake-the-tub-the-sound-of-sloshing-water-is-heard-CT10000010-20153067405970
https://www.lg.com/us/support/help-library/lg-top-load-washing-machine-detergent-detergent-doesn-t-dispense-CT10000010-20153067415513,,support_troubleshoot,lg-top-load-washing-machine-detergent-detergent-doesn-t-dispense-CT10000010-20153067415513
https://www.lg.com/us/support/help-library/lg-washer-not-cleaning-properly-CT10000010-20153067419949,,support_troubleshoot,lg-washer-not-cleaning-properly-CT10000010-20153067419949
https://www.lg.com/us/support/help-library/lg-top-load-washing-machine-why-is-no-water-supplied-to-my-washing-machine-CT10000010-20153067542295,,support_troubleshoot,lg-top-load-washing-machine-why-is-no-water-supplied-to-my-washing-machine-CT10000010-20153067542295
https://www.lg.com/us/support/help-library/lg-top-load-washing-machine-why-is-there-no-power-CT10000010-20153070259753,,support_troubleshoot,lg-top-load-washing-machine-why-is-there-no-power-CT10000010-20153070259753
https://www.lg.com/us/support/help-library/lg-top-load-washing-machine-why-is-a-tak-tak-jamming-noise-is-heard-during-spin-cycle-CT10000010-20153070272221,,support_troubleshoot,lg-top-load-washing-machine-why-is-a-tak-tak-jamming-noise-is-heard-during-spin-cycle-CT10000010-20153070272221
https://www.lg.com/us/support/help-library/lg-top-load-washing-machine-a-noise-is-heard-during-water-supply-CT10000010-20153070278164,,support_troubleshoot,lg-top-load-washing-machine-a-noise-is-heard-during-water-supply-CT10000010-20153070278164
https://www.lg.com/us/support/help-library/lg-mini-washer-washing-machine-the-tub-clean-function-cannot-be-selected-even-though-i-press-the-tub-clean-button-CT10000010-20153070283340,,support_troubleshoot,lg-mini-washer-washing-machine-the-tub-clean-function-cannot-be-selected-even-though-i-press-the-tub-clean-button-CT10000010-20153070283340
https://www.lg.com/us/support/help-library/lg-dryer-common-noises-during-the-dry-cycle-CT10000012-20153081341056,,support_troubleshoot,lg-dryer-common-noises-during-the-dry-cycle-CT10000012-20153081341056
https://www.lg.com/us/support/help-library/lg-washer-why-is-water-leaking-from-my-front-load-washing-machine-CT10000012-20153081384141,,support_troubleshoot,lg-washer-why-is-water-leaking-from-my-front-load-washing-machine-CT10000012-20153081384141
https://www.lg.com/us/support/help-library/lg-washer-common-noises-during-the-washer-cycle-CT10000012-20153081387824,,support_troubleshoot,lg-washer-common-noises-during-the-washer-cycle-CT10000012-20153081387824
https://www.lg.com/us/support/help-library/lg-washing-machine-the-power-start-button-is-not-working-CT10000010-20153081565039,,support_troubleshoot,lg-washing-machine-the-power-start-button-is-not-working-CT10000010-20153081565039
https://www.lg.com/us/support/help-library/lg-top-load-washing-machine-drum-rotation-is-weak-when-washing-CT10000010-20153081605973,,support_troubleshoot,lg-top-load-washing-machine-drum-rotation-is-weak-when-washing-CT10000010-20153081605973
https://www.lg.com/us/support/help-library/lg-washers-how-to-use-the-washing-machine-ai-wash-cycle-CT10000010-20153081623858,,support_troubleshoot,lg-washers-how-to-use-the-washing-machine-ai-wash-cycle-CT10000010-20153081623858
https://www.lg.com/us/support/help-library/lg-tv-troubleshooting-sound-out-settings-on-my-lg-tv-CT10000030-20153095965157,,support_troubleshoot,lg-tv-troubleshooting-sound-out-settings-on-my-lg-tv-CT10000030-20153095965157
https://www.lg.com/us/support/help-library/lg-tv-how-to-turn-on-off-the-tv-startup-sound-CT10000030-20153095982637,,support_troubleshoot,lg-tv-how-to-turn-on-off-the-tv-startup-sound-CT10000030-20153095982637
https://www.lg.com/us/support/help-library/lg-thinq-how-to-register-your-tv-with-lg-thinq-CT10000030-20153095986130,,support_troubleshoot,lg-thinq-how-to-register-your-tv-with-lg-thinq-CT10000030-20153095986130
https://www.lg.com/us/support/help-library/lg-tv-connecting-my-lg-tv-to-a-set-top-box-CT10000030-20153096002078,,support_troubleshoot,lg-tv-connecting-my-lg-tv-to-a-set-top-box-CT10000030-20153096002078
https://www.lg.com/us/support/help-library/lg-range-wide-zone-induction-is-not-heating-properly-CT00000303-20153104401321,,support_troubleshoot,lg-range-wide-zone-induction-is-not-heating-properly-CT00000303-20153104401321
https://www.lg.com/us/support/help-library/lg-range-why-doesn-t-my-induction-cookware-heat-properly-CT00000303-20153104465362,,support_troubleshoot,lg-range-why-doesn-t-my-induction-cookware-heat-properly-CT00000303-20153104465362
https://www.lg.com/us/support/help-library/lg-range-troubleshooting-induction-cookware-not-heating-CT00000303-20153104472825,,support_troubleshoot,lg-range-troubleshooting-induction-cookware-not-heating-CT00000303-20153104472825
https://www.lg.com/us/support/help-library/lg-microwave-troubleshooting-the-start-button-not-working-CT00000303-20153105279372,,support_troubleshoot,lg-microwave-troubleshooting-the-start-button-not-working-CT00000303-20153105279372
https://www.lg.com/us/support/help-library/lg-range-how-to-replace-the-scrapper-blade-for-cleaning-the-top-plate-CT00000303-20153105306194,,support_troubleshoot,lg-range-how-to-replace-the-scrapper-blade-for-cleaning-the-top-plate-CT00000303-20153105306194
https://www.lg.com/us/support/help-library/lg-range-how-to-clean-an-induction-cooktop-top-plate-CT00000303-20153105370139,,support_troubleshoot,lg-range-how-to-clean-an-induction-cooktop-top-plate-CT00000303-20153105370139
https://www.lg.com/us/support/help-library/lg-range-troubleshooting-an-induction-range-turning-off-during-operation-CT00000303-20153105400518,,support_troubleshoot,lg-range-troubleshooting-an-induction-range-turning-off-during-operation-CT00000303-20153105400518
https://www.lg.com/us/support/help-library/lg-range-troubleshooting-buttons-not-working-properly-CT00000303-20153105420192,,support_troubleshoot,lg-range-troubleshooting-buttons-not-working-properly-CT00000303-20153105420192
https://www.lg.com/us/support/help-library/lg-range-how-to-clean-my-glass-cooktop-CT00000303-20153105432922,,support_troubleshoot,lg-range-how-to-clean-my-glass-cooktop-CT00000303-20153105432922
https://www.lg.com/us/support/help-library/lg-washer-why-is-the-rinse-time-increasing-CT10000012-20153105594469,,support_troubleshoot,lg-washer-why-is-the-rinse-time-increasing-CT10000012-20153105594469
https://www.lg.com/us/support/help-library/lg-washer-troubleshooting-clacking-noise-when-the-washing-machine-is-filling-CT10000012-20153105604295,,support_troubleshoot,lg-washer-troubleshooting-clacking-noise-when-the-washing-machine-is-filling-CT10000012-20153105604295
https://www.lg.com/us/support/help-library/lg-washer-troubleshooting-leaks-on-a-front-load-washer-CT10000012-20153105608863,,support_troubleshoot,lg-washer-troubleshooting-leaks-on-a-front-load-washer-CT10000012-20153105608863
https://www.lg.com/us/support/help-library/lg-thinq-downloading-and-signing-in-to-the-lg-thinq-app-CT10000012-20153105669770,,support_troubleshoot,lg-thinq-downloading-and-signing-in-to-the-lg-thinq-app-CT10000012-20153105669770
https://www.lg.com/us/support/help-library/lg-washer-how-to-use-enrich-aroma-on-my-lg-washer-touchpad-CT10000010-20153105679910,,support_troubleshoot,lg-washer-how-to-use-enrich-aroma-on-my-lg-washer-touchpad-CT10000010-20153105679910
https://www.lg.com/us/support/help-library/lg-washer-how-to-edit-the-cycle-list-on-my-lg-washer-with-a-touchpad-CT10000010-20153105683062,,support_troubleshoot,lg-washer-how-to-edit-the-cycle-list-on-my-lg-washer-with-a-touchpad-CT10000010-20153105683062
https://www.lg.com/us/support/help-library/lg-washer-how-to-use-control-lock-on-the-wm6998-CT10000010-20153105699370,,support_troubleshoot,lg-washer-how-to-use-control-lock-on-the-wm6998-CT10000010-20153105699370
https://www.lg.com/us/support/help-library/lg-tv-what-are-the-measurements-of-my-lg-tv-CT10000030-20153109222814,,support_troubleshoot,lg-tv-what-are-the-measurements-of-my-lg-tv-CT10000030-20153109222814
https://www.lg.com/us/support/help-library/lg-tv-how-to-connect-a-mobile-phone-to-your-lg-tv-via-an-usb-cable-CT10000030-20153110643228,,support_troubleshoot,lg-tv-how-to-connect-a-mobile-phone-to-your-lg-tv-via-an-usb-cable-CT10000030-20153110643228
https://www.lg.com/us/support/help-library/lg-tv-troubleshooting-poor-picture-quality-on-my-set-top-box-CT10000030-20153110680707,,support_troubleshoot,lg-tv-troubleshooting-poor-picture-quality-on-my-set-top-box-CT10000030-20153110680707
https://www.lg.com/us/support/help-library/lg-tv-how-to-identify-my-tv-s-model-information-CT10000030-20153110698602,,support_troubleshoot,lg-tv-how-to-identify-my-tv-s-model-information-CT10000030-20153110698602
https://www.lg.com/us/support/help-library/lg-tv-how-to-disable-store-mode-on-an-lg-tv-CT10000030-20153119161966,,support_troubleshoot,lg-tv-how-to-disable-store-mode-on-an-lg-tv-CT10000030-20153119161966
https://www.lg.com/us/support/help-library/lg-tv-how-to-turn-on-off-audio-guidance-CT10000030-20153119188011,,support_troubleshoot,lg-tv-how-to-turn-on-off-audio-guidance-CT10000030-20153119188011
https://www.lg.com/us/support/help-library/lg-tv-how-to-turn-on-game-optimizer-CT10000030-20153119199646,,support_troubleshoot,lg-tv-how-to-turn-on-game-optimizer-CT10000030-20153119199646
https://www.lg.com/us/support/help-library/lg-tv-how-to-connect-an-uhd-receiver-CT10000030-20153122584248,,support_troubleshoot,lg-tv-how-to-connect-an-uhd-receiver-CT10000030-20153122584248
https://www.lg.com/us/support/help-library/lg-tv-how-to-access-4k-content-from-an-external-device-CT10000030-20153122595631,,support_troubleshoot,lg-tv-how-to-access-4k-content-from-an-external-device-CT10000030-20153122595631
https://www.lg.com/us/support/help-library/lg-tv-why-are-some-live-tv-channels-missing-on-webos-3-0-CT10000030-20153122612057,,support_troubleshoot,lg-tv-why-are-some-live-tv-channels-missing-on-webos-3-0-CT10000030-20153122612057
https://www.lg.com/us/support/help-library/lg-tv-how-do-i-reset-my-set-top-box-CT10000030-20153122639228,,support_troubleshoot,lg-tv-how-do-i-reset-my-set-top-box-CT10000030-20153122639228
https://www.lg.com/us/support/help-library/lg-tv-why-does-it-take-so-long-for-my-tv-to-power-on-CT10000030-20153123646697,,support_troubleshoot,lg-tv-why-does-it-take-so-long-for-my-tv-to-power-on-CT10000030-20153123646697
https://www.lg.com/us/support/help-library/lg-tv-how-to-change-from-store-mode-to-home-mode-CT10000030-20153123661968,,support_troubleshoot,lg-tv-how-to-change-from-store-mode-to-home-mode-CT10000030-20153123661968
https://www.lg.com/us/support/help-library/lg-tv-how-to-connect-a-usb-storage-device-to-your-tv-CT10000030-20153123667931,,support_troubleshoot,lg-tv-how-to-connect-a-usb-storage-device-to-your-tv-CT10000030-20153123667931
https://www.lg.com/us/support/help-library/lg-tv-troubleshooting-a-blurry-screen-on-an-lg-tv-CT10000030-20153130477848,,support_troubleshoot,lg-tv-troubleshooting-a-blurry-screen-on-an-lg-tv-CT10000030-20153130477848
https://www.lg.com/us/support/help-library/lg-tv-how-to-connect-a-usb-odd-to-a-lg-tv-CT10000030-20153130540890,,support_troubleshoot,lg-tv-how-to-connect-a-usb-odd-to-a-lg-tv-CT10000030-20153130540890
https://www.lg.com/us/support/help-library/lg-tv-how-to-test-an-hdmi-cable-connected-to-my-lg-tv-CT10000030-20153130670810,,support_troubleshoot,lg-tv-how-to-test-an-hdmi-cable-connected-to-my-lg-tv-CT10000030-20153130670810
https://www.lg.com/us/support/help-library/lg-tv-troubleshooting-no-audio-after-changing-tv-channel-input-CT10000030-20153143555178,,support_troubleshoot,lg-tv-troubleshooting-no-audio-after-changing-tv-channel-input-CT10000030-20153143555178
https://www.lg.com/us/support/help-library/lg-tv-how-to-use-parental-lock-CT10000030-20153163226955,,support_troubleshoot,lg-tv-how-to-use-parental-lock-CT10000030-20153163226955
https://www.lg.com/us/support/help-library/lg-tv-how-to-enable-closed-captioning-CT10000030-20153163621897,,support_troubleshoot,lg-tv-how-to-enable-closed-captioning-CT10000030-20153163621897
https://www.lg.com/us/support/help-library/lg-tv-how-to-enable-hdmi-cec-CT10000030-20153164607551,,support_troubleshoot,lg-tv-how-to-enable-hdmi-cec-CT10000030-20153164607551
https://www.lg.com/us/support/help-library/lg-tv-how-to-enable-the-reduced-blue-light-setting-CT10000030-20153164952410,,support_troubleshoot,lg-tv-how-to-enable-the-reduced-blue-light-setting-CT10000030-20153164952410
https://www.lg.com/us/support/help-library/lg-tv-troubleshooting-low-memory-notifications-and-apps-not-working-CT10000030-20153165912773,,support_troubleshoot,lg-tv-troubleshooting-low-memory-notifications-and-apps-not-working-CT10000030-20153165912773
https://www.lg.com/us/support/help-library/lg-tv-how-to-enable-vrr-and-g-sync-CT10000030-20153165982164,,support_troubleshoot,lg-tv-how-to-enable-vrr-and-g-sync-CT10000030-20153165982164
https://www.lg.com/us/support/help-library/lg-tv-how-to-download-smart-apps-CT10000030-20153174119431,,support_troubleshoot,lg-tv-how-to-download-smart-apps-CT10000030-20153174119431
https://www.lg.com/us/support/help-library/lg-tv-how-to-enable-sound-sharing-CT10000030-20153176754404,,support_troubleshoot,lg-tv-how-to-enable-sound-sharing-CT10000030-20153176754404
https://www.lg.com/us/support/help-library/lg-tv-how-to-enable-dolby-atmos-CT10000030-20153176766350,,support_troubleshoot,lg-tv-how-to-enable-dolby-atmos-CT10000030-20153176766350
https://www.lg.com/us/support/help-library/lg-tv-viewing-content-on-a-usb-device-CT10000030-20153192465296,,support_troubleshoot,lg-tv-viewing-content-on-a-usb-device-CT10000030-20153192465296
https://www.lg.com/us/support/help-library/lg-tv-how-to-install-or-delete-apps-CT10000030-20153192472469,,support_troubleshoot,lg-tv-how-to-install-or-delete-apps-CT10000030-20153192472469
https://www.lg.com/us/support/help-library/lg-tv-how-to-turn-off-store-mode-CT10000030-20153194185983,,support_troubleshoot,lg-tv-how-to-turn-off-store-mode-CT10000030-20153194185983
https://www.lg.com/us/support/help-library/lg-tv-how-to-save-favorite-channels-CT10000030-20153194206455,,support_troubleshoot,lg-tv-how-to-save-favorite-channels-CT10000030-20153194206455
https://www.lg.com/us/support/help-library/lg-microwave-troubleshooting-an-f3-error-CT00000303-20153194254082,,support_troubleshoot,lg-microwave-troubleshooting-an-f3-error-CT00000303-20153194254082
https://www.lg.com/us/support/help-library/lg-tv-how-to-enable-clear-voice-CT10000030-20153207248714,,support_troubleshoot,lg-tv-how-to-enable-clear-voice-CT10000030-20153207248714
https://www.lg.com/us/support/help-library/lg-tv-how-to-change-the-voice-recognition-call-word-CT10000030-20153207258597,,support_troubleshoot,lg-tv-how-to-change-the-voice-recognition-call-word-CT10000030-20153207258597
https://www.lg.com/us/support/help-library/lg-tv-how-to-login-to-the-home-dashboard-CT10000030-20153207266501,,support_troubleshoot,lg-tv-how-to-login-to-the-home-dashboard-CT10000030-20153207266501
https://www.lg.com/us/support/help-library/lg-tv-how-to-use-the-game-optimizer-CT10000030-20153207342504,,support_troubleshoot,lg-tv-how-to-use-the-game-optimizer-CT10000030-20153207342504
https://www.lg.com/us/support/help-library/lg-tv-how-to-use-hdmi-cec-CT10000030-20153207563544,,support_troubleshoot,lg-tv-how-to-use-hdmi-cec-CT10000030-20153207563544
https://www.lg.com/us/support/help-library/lg-tv-how-to-change-the-language-setting-CT10000030-20153207575785,,support_troubleshoot,lg-tv-how-to-change-the-language-setting-CT10000030-20153207575785
https://www.lg.com/us/support/help-library/lg-tv-how-to-enable-vrr-CT10000030-20153208832147,,support_troubleshoot,lg-tv-how-to-enable-vrr-CT10000030-20153208832147
https://www.lg.com/us/support/help-library/lg-tv-how-to-adjust-the-aspect-ratio-CT10000030-20153208850219,,support_troubleshoot,lg-tv-how-to-adjust-the-aspect-ratio-CT10000030-20153208850219
https://www.lg.com/us/support/help-library/lg-tv-how-to-perform-a-speed-test-CT10000030-20153209004470,,support_troubleshoot,lg-tv-how-to-perform-a-speed-test-CT10000030-20153209004470
https://www.lg.com/us/support/help-library/lg-tv-how-to-enable-audio-description-CT10000030-20153209057639,,support_troubleshoot,lg-tv-how-to-enable-audio-description-CT10000030-20153209057639
https://www.lg.com/us/support/help-library/lg-tv-troubleshooting-low-audio-CT10000030-20153209065985,,support_troubleshoot,lg-tv-troubleshooting-low-audio-CT10000030-20153209065985
https://www.lg.com/us/support/help-library/lg-tv-troubleshooting-low-audio-when-connected-via-bluetooth-CT10000030-20153209086173,,support_troubleshoot,lg-tv-troubleshooting-low-audio-when-connected-via-bluetooth-CT10000030-20153209086173
https://www.lg.com/us/support/help-library/lg-tv-how-to-enable-amd-freesync-CT10000030-20153209401087,,support_troubleshoot,lg-tv-how-to-enable-amd-freesync-CT10000030-20153209401087
https://www.lg.com/us/support/help-library/lg-tv-how-to-change-the-tv-location-setting-CT10000030-20153209410884,,support_troubleshoot,lg-tv-how-to-change-the-tv-location-setting-CT10000030-20153209410884
https://www.lg.com/us/support/help-library/lg-tv-how-to-enable-auto-volume-CT10000030-20153215231163,,support_troubleshoot,lg-tv-how-to-enable-auto-volume-CT10000030-20153215231163
https://www.lg.com/us/support/help-library/lg-tv-how-to-use-voice-search-CT10000030-20153215487381,,support_troubleshoot,lg-tv-how-to-use-voice-search-CT10000030-20153215487381
https://www.lg.com/us/support/help-library/lg-tv-troubleshooting-echoes-coming-from-the-tv-speakers-and-sound-bar-CT10000030-20153217143579,,support_troubleshoot,lg-tv-troubleshooting-echoes-coming-from-the-tv-speakers-and-sound-bar-CT10000030-20153217143579
https://www.lg.com/us/support/help-library/lg-tv-how-to-enable-disable-the-startup-sound-CT10000030-20153217232563,,support_troubleshoot,lg-tv-how-to-enable-disable-the-startup-sound-CT10000030-20153217232563
https://www.lg.com/us/support/help-library/lg-tv-using-quick-help-CT10000030-20153217242216,,support_troubleshoot,lg-tv-using-quick-help-CT10000030-20153217242216
https://www.lg.com/us/support/help-library/lg-tv-connecting-a-mobile-phone-via-ptp-CT10000030-20153217406509,,support_troubleshoot,lg-tv-connecting-a-mobile-phone-via-ptp-CT10000030-20153217406509
https://www.lg.com/us/support/help-library/lg-tv-no-signal-CT10000030-20153218939810,,support_troubleshoot,lg-tv-no-signal-CT10000030-20153218939810
https://www.lg.com/us/support/help-library/lg-tv-purchasing-paid-content-CT10000030-20153218982284,,support_troubleshoot,lg-tv-purchasing-paid-content-CT10000030-20153218982284
https://www.lg.com/us/support/help-library/lg-tv-how-to-connect-a-camcorder-or-camera-CT10000030-20153219091483,,support_troubleshoot,lg-tv-how-to-connect-a-camcorder-or-camera-CT10000030-20153219091483
https://www.lg.com/us/support/help-library/lg-tv-how-to-connect-an-usb-odd-CT10000030-20153219106061,,support_troubleshoot,lg-tv-how-to-connect-an-usb-odd-CT10000030-20153219106061
https://www.lg.com/us/support/help-library/lg-tv-using-voice-commands-CT10000030-20153219134177,,support_troubleshoot,lg-tv-using-voice-commands-CT10000030-20153219134177
https://www.lg.com/us/support/help-library/lg-standbyme-tv-unable-to-scroll-in-netflix-CT10000018-20153220943723,,support_troubleshoot,lg-standbyme-tv-unable-to-scroll-in-netflix-CT10000018-20153220943723
https://www.lg.com/us/support/help-library/lg-tv-using-subtitles-on-a-connected-usb-device-CT10000030-20153220977838,,support_troubleshoot,lg-tv-using-subtitles-on-a-connected-usb-device-CT10000030-20153220977838
https://www.lg.com/us/support/help-library/lg-tv-how-to-enable-the-standby-light-CT10000030-20153220996774,,support_troubleshoot,lg-tv-how-to-enable-the-standby-light-CT10000030-20153220996774
https://www.lg.com/us/support/help-library/lg-microwave-how-to-install-the-glass-plate-CT00000303-20153229143422,,support_troubleshoot,lg-microwave-how-to-install-the-glass-plate-CT00000303-20153229143422
https://www.lg.com/us/support/help-library/lg-microwave-how-to-use-the-auto-cool-feature-CT00000303-20153229297446,,support_troubleshoot,lg-microwave-how-to-use-the-auto-cool-feature-CT00000303-20153229297446
https://www.lg.com/us/support/help-library/lg-microwave-why-is-my-microwave-not-heating-properly-CT00000303-20153229630502,,support_troubleshoot,lg-microwave-why-is-my-microwave-not-heating-properly-CT00000303-20153229630502
https://www.lg.com/us/support/help-library/lg-tv-how-to-find-lg-content-store-apps-CT10000030-20153242600577,,support_troubleshoot,lg-tv-how-to-find-lg-content-store-apps-CT10000030-20153242600577
https://www.lg.com/us/support/help-library/lg-tv-how-to-use-the-web-browser-CT10000030-20153257222107,,support_troubleshoot,lg-tv-how-to-use-the-web-browser-CT10000030-20153257222107
https://www.lg.com/us/support/help-library/lg-tv-how-to-perform-a-sound-test-CT10000030-20153257287031,,support_troubleshoot,lg-tv-how-to-perform-a-sound-test-CT10000030-20153257287031
https://www.lg.com/us/support/help-library/lg-tv-how-to-adjust-the-grayscale-feature-CT10000030-20153258853854,,support_troubleshoot,lg-tv-how-to-adjust-the-grayscale-feature-CT10000030-20153258853854
https://www.lg.com/us/support/help-library/lg-tv-troubleshooting-poor-hdmi-performance-CT10000030-20153258865666,,support_troubleshoot,lg-tv-troubleshooting-poor-hdmi-performance-CT10000030-20153258865666
https://www.lg.com/us/support/help-library/lg-tv-screen-only-half-the-screen-is-working-CT10000030-20153258893152,,support_troubleshoot,lg-tv-screen-only-half-the-screen-is-working-CT10000030-20153258893152
https://www.lg.com/us/support/help-library/lg-tv-usb-connection-how-can-i-stream-the-content-stored-on-a-usb-storage-device-to-my-tv-CT10000030-20153258897856,,support_troubleshoot,lg-tv-usb-connection-how-can-i-stream-the-content-stored-on-a-usb-storage-device-to-my-tv-CT10000030-20153258897856
https://www.lg.com/us/support/help-library/lg-tv-screen-the-screen-intermittently-dims-out-and-brightens-up-CT10000018-20153258984909,,support_troubleshoot,lg-tv-screen-the-screen-intermittently-dims-out-and-brightens-up-CT10000018-20153258984909
https://www.lg.com/us/support/help-library/lg-beam-projector-screen-the-screen-appears-blurry-CT00000299-20153259007069,,support_troubleshoot,lg-beam-projector-screen-the-screen-appears-blurry-CT00000299-20153259007069
https://www.lg.com/us/support/help-library/lg-tv-how-to-use-gallery-mode-webos-4-5-CT10000030-20153265980635,,support_troubleshoot,lg-tv-how-to-use-gallery-mode-webos-4-5-CT10000030-20153265980635
https://www.lg.com/us/support/help-library/lg-tv-how-to-perform-a-picture-test-CT10000018-20153275651659,,support_troubleshoot,lg-tv-how-to-perform-a-picture-test-CT10000018-20153275651659
https://www.lg.com/us/support/help-library/lg-tv-how-to-perform-an-a-v-reset-CT10000030-20153275845205,,support_troubleshoot,lg-tv-how-to-perform-an-a-v-reset-CT10000030-20153275845205
https://www.lg.com/us/support/help-library/lg-tv-how-to-enable-energy-saving-CT10000030-20153277475515,,support_troubleshoot,lg-tv-how-to-enable-energy-saving-CT10000030-20153277475515
https://www.lg.com/us/support/help-library/lg-tv-how-to-use-the-family-settings-feature-CT10000030-20153280792929,,support_troubleshoot,lg-tv-how-to-use-the-family-settings-feature-CT10000030-20153280792929
https://www.lg.com/us/support/help-library/lg-tv-how-to-use-multi-view-CT10000030-20153280988637,,support_troubleshoot,lg-tv-how-to-use-multi-view-CT10000030-20153280988637
https://www.lg.com/us/support/help-library/lg-tv-how-to-use-the-always-ready-feature-webos-22-CT10000030-20153280995321,,support_troubleshoot,lg-tv-how-to-use-the-always-ready-feature-webos-22-CT10000030-20153280995321
https://www.lg.com/us/support/help-library/lg-projector-how-to-install-CT00000299-20153282014910,,support_troubleshoot,lg-projector-how-to-install-CT00000299-20153282014910
https://www.lg.com/us/support/help-library/lg-tv-how-can-i-check-the-total-power-on-time-CT10000030-20153287219617,,support_troubleshoot,lg-tv-how-can-i-check-the-total-power-on-time-CT10000030-20153287219617
https://www.lg.com/us/support/help-library/lg-tv-how-to-use-the-universal-control-feature-CT10000030-20153290273774,,support_troubleshoot,lg-tv-how-to-use-the-universal-control-feature-CT10000030-20153290273774
https://www.lg.com/us/support/help-library/lg-tv-gallery-stand-dimensions-CT10000030-20153292386216,,support_troubleshoot,lg-tv-gallery-stand-dimensions-CT10000030-20153292386216
https://www.lg.com/us/support/help-library/lg-tv-power-supply-is-hot-to-the-touch-CT10000030-20153292403913,,support_troubleshoot,lg-tv-power-supply-is-hot-to-the-touch-CT10000030-20153292403913
https://www.lg.com/us/support/help-library/lg-tv-how-to-perform-a-speed-test-using-netflix-or-youtube-CT10000030-20153298200728,,support_troubleshoot,lg-tv-how-to-perform-a-speed-test-using-netflix-or-youtube-CT10000030-20153298200728
https://www.lg.com/us/support/help-library/lg-tv-how-to-enable-the-hgig-setting-CT10000030-20153301892284,,support_troubleshoot,lg-tv-how-to-enable-the-hgig-setting-CT10000030-20153301892284
https://www.lg.com/us/support/help-library/lg-tv-troubleshooting-poor-picture-quality-on-xbox-CT10000030-20153303195835,,support_troubleshoot,lg-tv-troubleshooting-poor-picture-quality-on-xbox-CT10000030-20153303195835
https://www.lg.com/us/support/help-library/lg-tv-troubleshooting-poor-picture-quailty-on-ps5-CT10000030-20153303206885,,support_troubleshoot,lg-tv-troubleshooting-poor-picture-quailty-on-ps5-CT10000030-20153303206885
https://www.lg.com/us/support/help-library/lg-cordzero-a9-how-to-clean-the-mop-nozzle-CT10000013-20153427006904,,support_troubleshoot,lg-cordzero-a9-how-to-clean-the-mop-nozzle-CT10000013-20153427006904
https://www.lg.com/us/support/help-library/lg-tv-how-to-setup-the-lg-smart-cam-CT10000030-20153439298588,,support_troubleshoot,lg-tv-how-to-setup-the-lg-smart-cam-CT10000030-20153439298588
https://www.lg.com/us/support/help-library/lg-tv-how-to-use-the-allm-feature-CT10000030-20153551741945,,support_troubleshoot,lg-tv-how-to-use-the-allm-feature-CT10000030-20153551741945
https://www.lg.com/us/support/help-library/lg-tv-the-tv-changes-channels-by-itself-CT10000030-20153551757757,,support_troubleshoot,lg-tv-the-tv-changes-channels-by-itself-CT10000030-20153551757757
https://www.lg.com/us/support/help-library/lg-tv-how-to-use-remote-desktop-CT10000030-20153564486499,,support_troubleshoot,lg-tv-how-to-use-remote-desktop-CT10000030-20153564486499
https://www.lg.com/us/support/help-library/lg-standbyme-how-to-reboot-CT10000018-20153619657594,,support_troubleshoot,lg-standbyme-how-to-reboot-CT10000018-20153619657594
https://www.lg.com/us/support/help-library/lg-tv-no-signal-appears-on-screen-CT10000030-20153706733872,,support_troubleshoot,lg-tv-no-signal-appears-on-screen-CT10000030-20153706733872
https://www.lg.com/us/support/help-library/lg-tv-how-to-set-the-default-input-CT10000030-20153711388714,,support_troubleshoot,lg-tv-how-to-set-the-default-input-CT10000030-20153711388714
https://www.lg.com/us/support/help-library/lg-tv-troubleshooting-your-lg-tv-using-chatbot-webos-24-CT10000030-20153746811350,,support_troubleshoot,lg-tv-troubleshooting-your-lg-tv-using-chatbot-webos-24-CT10000030-20153746811350
https://www.lg.com/us/support/help-library/lg-frontload-washer-troubleshooting-steam-coming-from-washer-CT10000010-20153781830866,,support_troubleshoot,lg-frontload-washer-troubleshooting-steam-coming-from-washer-CT10000010-20153781830866
https://www.lg.com/us/support/help-library/lg-frontload-washer-troubleshooting-a-ts-t5-error-code-CT10000010-20153781902860,,support_troubleshoot,lg-frontload-washer-troubleshooting-a-ts-t5-error-code-CT10000010-20153781902860
https://www.lg.com/us/support/help-library/lg-washer-dryer-combo-troubleshooting-poor-drying-performance-CT10000010-20153781923566,,support_troubleshoot,lg-washer-dryer-combo-troubleshooting-poor-drying-performance-CT10000010-20153781923566
https://www.lg.com/us/support/help-library/lg-frontload-washer-how-to-adjust-the-water-temperature-CT10000010-20153782017795,,support_troubleshoot,lg-frontload-washer-how-to-adjust-the-water-temperature-CT10000010-20153782017795
https://www.lg.com/us/support/help-library/lg-frontload-washer-wash-time-keeps-extending-CT10000010-20153782074388,,support_troubleshoot,lg-frontload-washer-wash-time-keeps-extending-CT10000010-20153782074388
https://www.lg.com/us/support/help-library/lg-frontload-washer-sanitary-cycle-not-working-CT10000010-20153782101180,,support_troubleshoot,lg-frontload-washer-sanitary-cycle-not-working-CT10000010-20153782101180
https://www.lg.com/us/support/help-library/lg-tv-how-to-use-the-always-ready-function-CT10000030-20153870949064,,support_troubleshoot,lg-tv-how-to-use-the-always-ready-function-CT10000030-20153870949064
https://www.lg.com/us/support/help-library/lg-webos-tv-how-to-hide-the-no-signal-text-and-background-image-CT10000030-20153903661648,,support_troubleshoot,lg-webos-tv-how-to-hide-the-no-signal-text-and-background-image-CT10000030-20153903661648
https://www.lg.com/us/support/help-library/lg-tv-how-to-change-sound-output-webos-24-CT10000030-20154017897602,,support_troubleshoot,lg-tv-how-to-change-sound-output-webos-24-CT10000030-20154017897602
https://www.lg.com/us/support/help-library/lg-tv-troubleshooting-pointer-not-showing-up-CT10000030-20154017941532,,support_troubleshoot,lg-tv-troubleshooting-pointer-not-showing-up-CT10000030-20154017941532
https://www.lg.com/us/support/help-library/lg-webos-tv-troubleshooting-picture-and-sound-using-tv-s-self-diagnosis-feature-CT10000030-20154056708853,,support_troubleshoot,lg-webos-tv-troubleshooting-picture-and-sound-using-tv-s-self-diagnosis-feature-CT10000030-20154056708853
https://www.lg.com/us/support/help-library/lg-air-purifier-fine-dust-concentration-is-high-in-winter-CT32001601-20154531814748,,support_troubleshoot,lg-air-purifier-fine-dust-concentration-is-high-in-winter-CT32001601-20154531814748
https://www.lg.com/us/support/help-library/lg-cordzero-a9-vacuum-cleaner-won-t-power-on-CT10000013-20154629827605,,support_troubleshoot,lg-cordzero-a9-vacuum-cleaner-won-t-power-on-CT10000013-20154629827605
https://www.lg.com/us/support/help-library/lg-refrigerator-filter-how-do-i-replace-the-fresh-air-filter-CT10000021-20154720602288,,support_troubleshoot,lg-refrigerator-filter-how-do-i-replace-the-fresh-air-filter-CT10000021-20154720602288
https://www.lg.com/us/support/help-library/lg-dryer-noise-from-the-dryer-CT10000012-20154774023458,,support_troubleshoot,lg-dryer-noise-from-the-dryer-CT10000012-20154774023458
https://www.lg.com/us/support/help-library/countertop-microwave-oven-installation-CT00000303-20154848458629,,support_troubleshoot,countertop-microwave-oven-installation-CT00000303-20154848458629
https://www.lg.com/us/support/help-library/lg-tv-tv-keeps-turning-off-when-connected-to-set-top-box-CT00000299-20154967818941,,support_troubleshoot,lg-tv-tv-keeps-turning-off-when-connected-to-set-top-box-CT00000299-20154967818941
https://www.lg.com/us/support/help-library/lg-cordzero-roboking-the-location-search-function-fails-CT10000013-20154971198018,,support_troubleshoot,lg-cordzero-roboking-the-location-search-function-fails-CT10000013-20154971198018
https://www.lg.com/us/support/help-library/lg-dios-lightwave-oven-when-using-the-range-function-there-is-a-temperature-difference-between-the-left-and-right-sides-CT00000303-20154971228467,,support_troubleshoot,lg-dios-lightwave-oven-when-using-the-range-function-there-is-a-temperature-difference-between-the-left-and-right-sides-CT00000303-20154971228467
https://www.lg.com/us/support/help-library/lg-robot-vacuum-cleaner-the-remote-control-does-not-operate-CT10000013-20154978943452,,support_troubleshoot,lg-robot-vacuum-cleaner-the-remote-control-does-not-operate-CT10000013-20154978943452
https://www.lg.com/us/support/help-library/how-to-fix-lg-magic-remote-connection-and-voice-recognition-issues-CT10000030-20154980582654,,support_troubleshoot,how-to-fix-lg-magic-remote-connection-and-voice-recognition-issues-CT10000030-20154980582654
https://www.lg.com/us/support/help-library/lg-top-load-washer-why-won-t-the-washer-start-after-the-initial-installation-CT00000305-20154982198274,,support_troubleshoot,lg-top-load-washer-why-won-t-the-washer-start-after-the-initial-installation-CT00000305-20154982198274
https://www.lg.com/us/support/help-library/lg-wireless-speaker-why-is-my-usb-drive-not-recognized-CT41000327-20154988825929,,support_troubleshoot,lg-wireless-speaker-why-is-my-usb-drive-not-recognized-CT41000327-20154988825929
https://www.lg.com/us/support/help-library/lg-tv-how-to-fix-apps-that-keep-freezing-crashing-or-won-t-load-CT10000030-20154996607566,,support_troubleshoot,lg-tv-how-to-fix-apps-that-keep-freezing-crashing-or-won-t-load-CT10000030-20154996607566
https://www.lg.com/us/support/help-library/lg-front-load-washer-how-do-i-run-a-test-cycle-after-installation-CT10000010-20155004249322,,support_troubleshoot,lg-front-load-washer-how-do-i-run-a-test-cycle-after-installation-CT10000010-20155004249322
https://www.lg.com/us/support/help-library/lg-tv-how-do-i-use-lg-gallery-CT10000030-20155006048649,,support_troubleshoot,lg-tv-how-do-i-use-lg-gallery-CT10000030-20155006048649
https://www.lg.com/us/support/help-library/lg-laptop-instant-booting-not-working-when-opening-the-lid-CT10000030-20155006102104,,support_troubleshoot,lg-laptop-instant-booting-not-working-when-opening-the-lid-CT10000030-20155006102104
https://www.lg.com/us/support/help-library/lg-cordzero-a9-how-to-clean-the-length-extension-pipe-CT10000013-20155014632921,,support_troubleshoot,lg-cordzero-a9-how-to-clean-the-length-extension-pipe-CT10000013-20155014632921
https://www.lg.com/us/support/help-library/lg-laptop-i-can-t-hear-any-sound-from-the-speaker-or-my-headphones-CT00000317-20155014962355,,support_troubleshoot,lg-laptop-i-can-t-hear-any-sound-from-the-speaker-or-my-headphones-CT00000317-20155014962355
https://www.lg.com/us/support/help-library/lg-ac-filter-window-potable-how-do-i-clean-and-replace-the-filter-CT10000014-20155017810371,,support_troubleshoot,lg-ac-filter-window-potable-how-do-i-clean-and-replace-the-filter-CT10000014-20155017810371
https://www.lg.com/us/support/help-library/lg-bluetooth-earbuds-how-to-check-the-charging-case-battery-and-charging-status-CT41000323-20155019524621,,support_troubleshoot,lg-bluetooth-earbuds-how-to-check-the-charging-case-battery-and-charging-status-CT41000323-20155019524621
https://www.lg.com/us/support/help-library/lg-tv-i-want-to-set-up-tv-sound-mode-share-CT10000018-20155019542375,,support_troubleshoot,lg-tv-i-want-to-set-up-tv-sound-mode-share-CT10000018-20155019542375
https://www.lg.com/us/support/help-library/lg-tv-how-do-i-enable-dolby-atmos-CT10000018-20155021166096,,support_troubleshoot,lg-tv-how-do-i-enable-dolby-atmos-CT10000018-20155021166096
https://www.lg.com/us/support/help-library/lg-pc-windows-secure-boot-certificate-update-troubleshooting-guide-CT00000317-20155021548818,,support_troubleshoot,lg-pc-windows-secure-boot-certificate-update-troubleshooting-guide-CT00000317-20155021548818
https://www.lg.com/us/support/help-library/lg-refrigerator-temperature-how-do-i-adjust-the-refrigerator-and-freezer-temperature-CT10000021-20155027705932,,support_troubleshoot,lg-refrigerator-temperature-how-do-i-adjust-the-refrigerator-and-freezer-temperature-CT10000021-20155027705932
https://www.lg.com/us/support/help-library/lg-front-loader-guide-i-want-to-use-the-soak-or-pre-wash-option-CT10000012-20155027803173,,support_troubleshoot,lg-front-loader-guide-i-want-to-use-the-soak-or-pre-wash-option-CT10000012-20155027803173
https://www.lg.com/us/support/help-library/lg-front-load-washer-how-does-the-steam-feature-work-CT10000011-20155027832924,,support_troubleshoot,lg-front-load-washer-how-does-the-steam-feature-work-CT10000011-20155027832924
https://www.lg.com/us/support/help-library/lg-tv-pre-purchase-installation-checklist-CT10000030-20155028290576,,support_troubleshoot,lg-tv-pre-purchase-installation-checklist-CT10000030-20155028290576
https://www.lg.com/us/support/help-library/lg-refrigerator-pre-purchase-installation-checklist-CT00023125-20155028309552,,support_troubleshoot,lg-refrigerator-pre-purchase-installation-checklist-CT00023125-20155028309552
https://www.lg.com/us/support/help-library/lg-front-loader-pre-purchase-installation-checklist-CT10000012-20155028318319,,support_troubleshoot,lg-front-loader-pre-purchase-installation-checklist-CT10000012-20155028318319
https://www.lg.com/us/support/help-library/lg-top-loader-pre-purchase-installation-checklist-CT00000305-20155028326674,,support_troubleshoot,lg-top-loader-pre-purchase-installation-checklist-CT00000305-20155028326674
https://www.lg.com/us/support/help-library/lg-dryer-pre-purchase-installation-checklist-CT10000011-20155028330354,,support_troubleshoot,lg-dryer-pre-purchase-installation-checklist-CT10000011-20155028330354
https://www.lg.com/us/support/help-library/lg-tv-how-to-turn-on-ai-sound-CT10000018-20155029318544,,support_troubleshoot,lg-tv-how-to-turn-on-ai-sound-CT10000018-20155029318544
https://www.lg.com/us/support/help-library/lg-tv-how-do-i-turn-video-description-audio-description-off-CT10000030-20155029347576,,support_troubleshoot,lg-tv-how-do-i-turn-video-description-audio-description-off-CT10000030-20155029347576
https://www.lg.com/us/support/help-library/lg-air-conditioner-guide-to-error-codes-CT10000014-20155047719306,,support_troubleshoot,lg-air-conditioner-guide-to-error-codes-CT10000014-20155047719306
https://www.lg.com/us/support/help-library/lg-tv-how-to-hear-dialogue-clearly-when-background-music-is-loud-CT10000030-20155047763772,,support_troubleshoot,lg-tv-how-to-hear-dialogue-clearly-when-background-music-is-loud-CT10000030-20155047763772
https://www.lg.com/us/support/help-library/lg-air-conditioner-power-the-air-conditioner-does-not-turn-on-immediately-CT10000014-20155048180639,,support_troubleshoot,lg-air-conditioner-power-the-air-conditioner-does-not-turn-on-immediately-CT10000014-20155048180639
https://www.lg.com/us/support/help-library/lg-air-conditioner-cleaning-wall-mounted-how-to-clean-exterior-surface-of-outdoor-unit-CT10000014-20155048190119,,support_troubleshoot,lg-air-conditioner-cleaning-wall-mounted-how-to-clean-exterior-surface-of-outdoor-unit-CT10000014-20155048190119
https://www.lg.com/us/support/help-library/lg-air-conditioner-heating-heating-does-not-provided-and-preheat-takes-long-CT10000014-20155048193872,,support_troubleshoot,lg-air-conditioner-heating-heating-does-not-provided-and-preheat-takes-long-CT10000014-20155048193872
https://www.lg.com/us/support/help-library/lg-refrigerator-door-the-door-opens-wide-abruptly-as-the-refrigerator-leans-back-door-swings-wide-open-CT10000021-20155048200608,,support_troubleshoot,lg-refrigerator-door-the-door-opens-wide-abruptly-as-the-refrigerator-leans-back-door-swings-wide-open-CT10000021-20155048200608
https://www.lg.com/us/support/help-library/lg-refrigerator-leakage-there-is-water-dripping-near-the-ice-maker-water-is-dripping-near-the-ice-maker-CT10000021-20155048208282,,support_troubleshoot,lg-refrigerator-leakage-there-is-water-dripping-near-the-ice-maker-water-is-dripping-near-the-ice-maker-CT10000021-20155048208282
https://www.lg.com/us/support/help-library/lg-refrigerator-exterior-there-is-a-dent-in-the-inner-and-outer-case-of-the-refrigerator-CT00023125-20155048215034,,support_troubleshoot,lg-refrigerator-exterior-there-is-a-dent-in-the-inner-and-outer-case-of-the-refrigerator-CT00023125-20155048215034
https://www.lg.com/us/support/help-library/lg-robot-vacuum-r9-my-robot-vacuum-keeps-spinning-in-place-or-only-goes-backward-CT10000013-20155049070429,,support_troubleshoot,lg-robot-vacuum-r9-my-robot-vacuum-keeps-spinning-in-place-or-only-goes-backward-CT10000013-20155049070429
https://www.lg.com/us/support/help-library/lg-tv-how-do-i-watch-lg-channels-CT10000018-20155049524788,,support_troubleshoot,lg-tv-how-do-i-watch-lg-channels-CT10000018-20155049524788
https://www.lg.com/us/support/help-library/lg-laptop-fn-keys-not-working-hotkeys-CT10000030-20155051173048,,support_troubleshoot,lg-laptop-fn-keys-not-working-hotkeys-CT10000030-20155051173048
https://www.lg.com/us/support/help-library/lg-tv-how-to-change-location-settings-and-set-lg-services-country-CT10000018-20155051195628,,support_troubleshoot,lg-tv-how-to-change-location-settings-and-set-lg-services-country-CT10000018-20155051195628
https://www.lg.com/us/support/help-library/lg-tv-how-do-i-change-the-language-on-my-tv-CT10000030-20155052620671,,support_troubleshoot,lg-tv-how-do-i-change-the-language-on-my-tv-CT10000030-20155052620671
https://www.lg.com/us/support/help-library/lg-smart-tv-monitor-how-do-i-watch-lg-channels-CT32003207-20155053097874,,support_troubleshoot,lg-smart-tv-monitor-how-do-i-watch-lg-channels-CT32003207-20155053097874
https://www.lg.com/us/support/help-library/lg-air-conditioner-perform-a-pre-summer-check-to-stay-cool-CT10000014-20155060932775,,support_troubleshoot,lg-air-conditioner-perform-a-pre-summer-check-to-stay-cool-CT10000014-20155060932775
https://www.lg.com/us/support/help-library/lg-air-conditioner-function-why-is-the-humidity-not-dropping-in-dehumidification-mode-CT10000014-20155060984022,,support_troubleshoot,lg-air-conditioner-function-why-is-the-humidity-not-dropping-in-dehumidification-mode-CT10000014-20155060984022
https://www.lg.com/us/support/help-library/lg-air-conditioner-error-code-the-display-shows-sp-cp-and-po-CT10000014-20155060984078,,support_troubleshoot,lg-air-conditioner-error-code-the-display-shows-sp-cp-and-po-CT10000014-20155060984078
https://www.lg.com/us/support/help-library/lg-tv-how-to-fix-echoing-or-out-of-sync-sound-when-using-tv-speakers-and-external-speakers-together-CT10000030-20155062023904,,support_troubleshoot,lg-tv-how-to-fix-echoing-or-out-of-sync-sound-when-using-tv-speakers-and-external-speakers-together-CT10000030-20155062023904
https://www.lg.com/us/support/help-library/lg-air-conditioner-installation-can-i-reuse-the-existing-piping-when-reinstalling-CT10000014-20155062096056,,support_troubleshoot,lg-air-conditioner-installation-can-i-reuse-the-existing-piping-when-reinstalling-CT10000014-20155062096056
https://www.lg.com/us/support/help-library/lg-tone-free-i-placed-my-earbuds-into-the-charging-case-and-closed-the-case-but-they-are-still-connected-to-my-bluetooth-device-CT41000323-20155063960748,,support_troubleshoot,lg-tone-free-i-placed-my-earbuds-into-the-charging-case-and-closed-the-case-but-they-are-still-connected-to-my-bluetooth-device-CT41000323-20155063960748
https://www.lg.com/us/support/help-library/lg-dios-induction-there-is-a-noise-during-operation-CT00000303-20155064029813,,support_troubleshoot,lg-dios-induction-there-is-a-noise-during-operation-CT00000303-20155064029813
https://www.lg.com/us/support/help-library/lg-washing-machine-washing-water-heater-is-malfunctioning-water-does-not-heat-up-CT10000012-20155065327845,,support_troubleshoot,lg-washing-machine-washing-water-heater-is-malfunctioning-water-does-not-heat-up-CT10000012-20155065327845
https://www.lg.com/us/support/help-library/lg-front-load-washer-error-code-list-new-CT10000012-20155069413456,,support_troubleshoot,lg-front-load-washer-error-code-list-new-CT10000012-20155069413456
https://www.lg.com/us/support/help-library/lg-pc-how-do-i-reset-my-web-browser-settings-CT00000317-20155069776214,,support_troubleshoot,lg-pc-how-do-i-reset-my-web-browser-settings-CT00000317-20155069776214
https://www.lg.com/us/support/help-library/lg-front-load-washing-machine-leakage-the-washing-machine-leaks-water-at-the-front-CT10000010-20155092722340,,support_troubleshoot,lg-front-load-washing-machine-leakage-the-washing-machine-leaks-water-at-the-front-CT10000010-20155092722340
https://www.lg.com/us/support/help-library/lg-front-load-washing-machine-troubleshooting-leaks-CT10000010-20155092730089,,support_troubleshoot,lg-front-load-washing-machine-troubleshooting-leaks-CT10000010-20155092730089
https://www.lg.com/us/support/help-library/lg-cordzero-a9-why-is-the-vacuum-so-loud-CT10000013-20155092842730,,support_troubleshoot,lg-cordzero-a9-why-is-the-vacuum-so-loud-CT10000013-20155092842730
https://www.lg.com/us/support/help-library/lg-electronics-range-does-it-have-a-deodorizing-function-CT00000303-20155094141977,,support_troubleshoot,lg-electronics-range-does-it-have-a-deodorizing-function-CT00000303-20155094141977
https://www.lg.com/us/support/help-library/lg-projector-an-error-message-or-no-signal-message-appears-on-the-set-top-box-CT00000299-20155097472120,,support_troubleshoot,lg-projector-an-error-message-or-no-signal-message-appears-on-the-set-top-box-CT00000299-20155097472120
https://www.lg.com/us/support/help-library/lg-beam-projector-the-battery-life-is-short-CT00000299-20155097487206,,support_troubleshoot,lg-beam-projector-the-battery-life-is-short-CT00000299-20155097487206
https://www.lg.com/us/support/help-library/lg-pc-how-to-set-your-web-browser-s-start-page-CT30017683-20155097516488,,support_troubleshoot,lg-pc-how-to-set-your-web-browser-s-start-page-CT30017683-20155097516488
https://www.lg.com/us/support/help-library/lg-air-conditioner-how-to-check-air-conditioner-error-codes-CT10000014-20155097803501,,support_troubleshoot,lg-air-conditioner-how-to-check-air-conditioner-error-codes-CT10000014-20155097803501
https://www.lg.com/us/support/help-library/lg-dishwasher-dishes-are-not-clean-after-washing-checking-dishware-types-CT10000009-20155101652263,,support_troubleshoot,lg-dishwasher-dishes-are-not-clean-after-washing-checking-dishware-types-CT10000009-20155101652263
https://www.lg.com/us/support/help-library/lg-gas-range-cooktop-the-display-does-not-light-up-or-the-text-appears-distorted-CT00000303-20155101684104,,support_troubleshoot,lg-gas-range-cooktop-the-display-does-not-light-up-or-the-text-appears-distorted-CT00000303-20155101684104
https://www.lg.com/us/support/help-library/lg-cordzero-a7-how-do-i-assemble-the-pre-filter-large-dust-separator-and-dust-bin-CT10000013-20155101705179,,support_troubleshoot,lg-cordzero-a7-how-do-i-assemble-the-pre-filter-large-dust-separator-and-dust-bin-CT10000013-20155101705179
https://www.lg.com/us/support/help-library/lg-cordzero-a9-how-do-i-install-the-exhaust-filter-CT10000013-20155101712759,,support_troubleshoot,lg-cordzero-a9-how-do-i-install-the-exhaust-filter-CT10000013-20155101712759
https://www.lg.com/us/support/help-library/lg-bedding-vacuum-cleaner-roller-brush-not-spinning-CT10000013-20155101716395,,support_troubleshoot,lg-bedding-vacuum-cleaner-roller-brush-not-spinning-CT10000013-20155101716395
https://www.lg.com/us/support/help-library/lg-cyking-vacuum-why-does-the-vacuum-beep-and-turn-off-CT10000013-20155101716641,,support_troubleshoot,lg-cyking-vacuum-why-does-the-vacuum-beep-and-turn-off-CT10000013-20155101716641
https://www.lg.com/us/support/help-library/lg-vacuum-cleaner-indicator-light-is-on-but-the-vacuum-won-t-start-CT00000314-20155101716784,,support_troubleshoot,lg-vacuum-cleaner-indicator-light-is-on-but-the-vacuum-won-t-start-CT00000314-20155101716784
https://www.lg.com/us/support/help-library/lg-cordzero-t9-why-are-there-marks-on-the-product-exterior-CT00000314-20155101717377,,support_troubleshoot,lg-cordzero-t9-why-are-there-marks-on-the-product-exterior-CT00000314-20155101717377
https://www.lg.com/us/support/help-library/lg-vacuum-cleaner-why-won-t-the-dust-bag-cover-close-CT10000013-20155101718253,,support_troubleshoot,lg-vacuum-cleaner-why-won-t-the-dust-bag-cover-close-CT10000013-20155101718253
https://www.lg.com/us/support/help-library/lg-steam-cleaner-why-does-my-new-steam-cleanr-smell-like-burning-CT00000314-20155101718871,,support_troubleshoot,lg-steam-cleaner-why-does-my-new-steam-cleanr-smell-like-burning-CT00000314-20155101718871
https://www.lg.com/us/support/help-library/lg-vacuum-cleaner-nozzle-sticks-to-vinyl-floor-check-the-nozzle-wheels-CT10000013-20155101723091,,support_troubleshoot,lg-vacuum-cleaner-nozzle-sticks-to-vinyl-floor-check-the-nozzle-wheels-CT10000013-20155101723091
https://www.lg.com/us/support/help-library/lg-steam-cleaner-how-do-i-store-the-steam-cleaner-when-not-in-use-CT00000314-20155101724310,,support_troubleshoot,lg-steam-cleaner-how-do-i-store-the-steam-cleaner-when-not-in-use-CT00000314-20155101724310
https://www.lg.com/us/support/help-library/lg-dryer-what-is-the-ai-dry-cycle-CT10000011-20155101725797,,support_troubleshoot,lg-dryer-what-is-the-ai-dry-cycle-CT10000011-20155101725797
https://www.lg.com/us/support/help-library/lg-dryer-i-cannot-hear-the-buzzer-or-button-sounds-CT10000011-20155101726316,,support_troubleshoot,lg-dryer-i-cannot-hear-the-buzzer-or-button-sounds-CT10000011-20155101726316
https://www.lg.com/us/support/help-library/lg-dryer-lint-on-the-door-gasket-CT10000011-20155101726608,,support_troubleshoot,lg-dryer-lint-on-the-door-gasket-CT10000011-20155101726608
https://www.lg.com/us/support/help-library/lg-washing-machine-water-does-not-heat-up-or-reach-the-set-temperature-CT10000012-20155101730997,,support_troubleshoot,lg-washing-machine-water-does-not-heat-up-or-reach-the-set-temperature-CT10000012-20155101730997
https://www.lg.com/us/support/help-library/lg-all-in-one-tower-how-do-i-use-the-dust-emptying-charging-station-CT10000013-20155101744927,,support_troubleshoot,lg-all-in-one-tower-how-do-i-use-the-dust-emptying-charging-station-CT10000013-20155101744927
https://www.lg.com/us/support/help-library/lg-cordzero-a9s-what-components-should-i-bring-when-visiting-an-lg-service-center-CT10000013-20155102606701,,support_troubleshoot,lg-cordzero-a9s-what-components-should-i-bring-when-visiting-an-lg-service-center-CT10000013-20155102606701
https://www.lg.com/us/support/help-library/lg-vacuum-cleaner-how-do-i-purchase-parts-and-accessories-CT10000013-20155102762626,,support_troubleshoot,lg-vacuum-cleaner-how-do-i-purchase-parts-and-accessories-CT10000013-20155102762626
https://www.lg.com/us/support/help-library/lg-cordzero-a9-how-do-i-adjust-the-length-of-the-extension-pipe-CT10000013-20155102770241,,support_troubleshoot,lg-cordzero-a9-how-do-i-adjust-the-length-of-the-extension-pipe-CT10000013-20155102770241
https://www.lg.com/us/support/help-library/lg-cordzero-a9-a9s-how-do-i-use-the-steam-mop-nozzle-CT10000013-20155102780530,,support_troubleshoot,lg-cordzero-a9-a9s-how-do-i-use-the-steam-mop-nozzle-CT10000013-20155102780530
https://www.lg.com/us/support/help-library/lg-air-conditioner-remote-how-can-i-individually-control-ceiling-mounted-air-conditioners-using-the-remote-when-they-turn-on-simultaneously-CT10000014-20155102781402,,support_troubleshoot,lg-air-conditioner-remote-how-can-i-individually-control-ceiling-mounted-air-conditioners-using-the-remote-when-they-turn-on-simultaneously-CT10000014-20155102781402
https://www.lg.com/us/support/help-library/lg-cordzero-a9-turbo-mode-isn-t-working-CT10000013-20155102788910,,support_troubleshoot,lg-cordzero-a9-turbo-mode-isn-t-working-CT10000013-20155102788910
https://www.lg.com/us/support/help-library/lg-cordzero-a9-the-vacuum-or-nozzle-is-not-working-safety-mode-CT10000013-20155102794600,,support_troubleshoot,lg-cordzero-a9-the-vacuum-or-nozzle-is-not-working-safety-mode-CT10000013-20155102794600
https://www.lg.com/us/support/help-library/lg-cordzero-a9-can-t-remove-the-battery-CT10000013-20155102798249,,support_troubleshoot,lg-cordzero-a9-can-t-remove-the-battery-CT10000013-20155102798249
https://www.lg.com/us/support/help-library/lg-cordzero-a9-the-product-is-very-noisy-improper-assembly-CT10000013-20155102806104,,support_troubleshoot,lg-cordzero-a9-the-product-is-very-noisy-improper-assembly-CT10000013-20155102806104
https://www.lg.com/us/support/help-library/lg-cordzero-a7-what-do-the-lg-cordzero-a7-led-indicators-solid-flashing-off-mean-CT10000013-20155102806501,,support_troubleshoot,lg-cordzero-a7-what-do-the-lg-cordzero-a7-led-indicators-solid-flashing-off-mean-CT10000013-20155102806501
https://www.lg.com/us/support/help-library/lg-cordzero-a9s-how-do-i-install-the-charging-station-CT10000013-20155102808303,,support_troubleshoot,lg-cordzero-a9s-how-do-i-install-the-charging-station-CT10000013-20155102808303
https://www.lg.com/us/support/help-library/lg-cordzero-vacuum-how-to-fill-the-water-tank-on-the-mop-nozzle-CT10000013-20155102815957,,support_troubleshoot,lg-cordzero-vacuum-how-to-fill-the-water-tank-on-the-mop-nozzle-CT10000013-20155102815957
https://www.lg.com/us/support/help-library/lg-cordzero-a9-a9s-how-to-adjust-the-water-flow-on-the-wet-mop-suction-pipe-CT10000013-20155102820693,,support_troubleshoot,lg-cordzero-a9-a9s-how-to-adjust-the-water-flow-on-the-wet-mop-suction-pipe-CT10000013-20155102820693
https://www.lg.com/us/support/help-library/lg-air-conditioner-heating-stops-and-defrost-preheating-icon-appears-CT10000014-20155102825186,,support_troubleshoot,lg-air-conditioner-heating-stops-and-defrost-preheating-icon-appears-CT10000014-20155102825186
https://www.lg.com/us/support/help-library/lg-cordzero-a9-a9s-how-to-fill-the-water-tank-on-the-wet-mop-suction-pipe-CT10000013-20155102828344,,support_troubleshoot,lg-cordzero-a9-a9s-how-to-fill-the-water-tank-on-the-wet-mop-suction-pipe-CT10000013-20155102828344
https://www.lg.com/us/support/help-library/lg-all-in-one-tower-how-to-charge-the-vacuum-and-spare-battery-CT10000013-20155102832220,,support_troubleshoot,lg-all-in-one-tower-how-to-charge-the-vacuum-and-spare-battery-CT10000013-20155102832220
https://www.lg.com/us/support/help-library/lg-cordzero-a9-it-s-very-loud-CT10000013-20155102921171,,support_troubleshoot,lg-cordzero-a9-it-s-very-loud-CT10000013-20155102921171
https://www.lg.com/us/support/help-library/lg-cordzero-a9s-2025-model-is-the-suction-getting-weaker-or-does-the-vacuum-suddenly-turn-off-while-in-use-CT10000013-20155102926255,,support_troubleshoot,lg-cordzero-a9s-2025-model-is-the-suction-getting-weaker-or-does-the-vacuum-suddenly-turn-off-while-in-use-CT10000013-20155102926255
https://www.lg.com/us/support/help-library/lg-dios-infrared-oven-hot-air-is-coming-out-from-the-bottom-of-the-unit-when-it-s-running-CT00000303-20155102930769,,support_troubleshoot,lg-dios-infrared-oven-hot-air-is-coming-out-from-the-bottom-of-the-unit-when-it-s-running-CT00000303-20155102930769
https://www.lg.com/us/support/help-library/lg-electronics-range-what-types-of-dishes-containers-should-not-be-used-CT00000303-20155102934499,,support_troubleshoot,lg-electronics-range-what-types-of-dishes-containers-should-not-be-used-CT00000303-20155102934499
https://www.lg.com/us/support/help-library/lg-cordzero-a9-weak-suction-power-cleaning-the-nozzle-CT10000013-20155102946043,,support_troubleshoot,lg-cordzero-a9-weak-suction-power-cleaning-the-nozzle-CT10000013-20155102946043
https://www.lg.com/us/support/help-library/lg-cordzero-a9s-kompressor-lever-won-t-return-or-go-down-CT10000013-20155102966228,,support_troubleshoot,lg-cordzero-a9s-kompressor-lever-won-t-return-or-go-down-CT10000013-20155102966228
https://www.lg.com/us/support/help-library/how-to-use-an-lg-top-load-washer-how-to-use-detergent-fabric-softener-and-bleach-CT00000305-20155102975355,,support_troubleshoot,how-to-use-an-lg-top-load-washer-how-to-use-detergent-fabric-softener-and-bleach-CT00000305-20155102975355
https://www.lg.com/us/support/help-library/lg-cordzero-a9-a9s-how-do-i-use-the-wet-mop-nozzle-CT10000013-20155102977693,,support_troubleshoot,lg-cordzero-a9-a9s-how-do-i-use-the-wet-mop-nozzle-CT10000013-20155102977693
https://www.lg.com/us/support/help-library/lg-dios-dishwasher-dishwasher-an-ie-error-appears-on-the-display-CT10000009-20155103088326,,support_troubleshoot,lg-dios-dishwasher-dishwasher-an-ie-error-appears-on-the-display-CT10000009-20155103088326
https://www.lg.com/us/support/help-library/lg-washing-machine-fabric-softener-fabric-softener-cannot-be-added-or-is-added-early-CT10000010-20155103104384,,support_troubleshoot,lg-washing-machine-fabric-softener-fabric-softener-cannot-be-added-or-is-added-early-CT10000010-20155103104384
https://www.lg.com/us/support/help-library/lg-dios-induction-i-m-curious-about-the-differences-between-the-induction-and-highlight-burners-CT00000303-20155103110911,,support_troubleshoot,lg-dios-induction-i-m-curious-about-the-differences-between-the-induction-and-highlight-burners-CT00000303-20155103110911
https://www.lg.com/us/support/help-library/lg-pc-how-to-change-the-browser-startup-page-CT30017683-20155104837272,,support_troubleshoot,lg-pc-how-to-change-the-browser-startup-page-CT30017683-20155104837272
https://www.lg.com/us/support/help-library/lg-projector-error-messages-or-no-signal-appear-when-using-a-set-top-box-CT00000299-20155105898359,,support_troubleshoot,lg-projector-error-messages-or-no-signal-appear-when-using-a-set-top-box-CT00000299-20155105898359
https://www.lg.com/us/support/help-library/lg-projector-battery-life-is-shorter-than-expected-CT00000299-20155105898886,,support_troubleshoot,lg-projector-battery-life-is-shorter-than-expected-CT00000299-20155105898886
https://www.lg.com/us/support/help-library/lg-top-loader-washer-weak-washing-CT10000010-20155105953278,,support_troubleshoot,lg-top-loader-washer-weak-washing-CT10000010-20155105953278
https://www.lg.com/us/support/help-library/lg-laptop-how-to-set-the-bios-date-and-time-CT30017683-20155113388115,,support_troubleshoot,lg-laptop-how-to-set-the-bios-date-and-time-CT30017683-20155113388115
https://www.lg.com/us/support/help-library/lg-pc-how-to-use-quick-machine-recovery-when-windows-fails-to-start-CT00000317-20155113402955,,support_troubleshoot,lg-pc-how-to-use-quick-machine-recovery-when-windows-fails-to-start-CT00000317-20155113402955
https://www.lg.com/us/support/help-library/lg-air-conditioner-installation-non-removable-window-type-i-want-to-learn-how-to-install-an-air-conditioner-CT10000014-20155114022811,,support_troubleshoot,lg-air-conditioner-installation-non-removable-window-type-i-want-to-learn-how-to-install-an-air-conditioner-CT10000014-20155114022811
https://www.lg.com/us/support/help-library/lg-refrigerator-can-i-reverse-the-door-on-my-refrigerator-CT10000021-20155114213539,,support_troubleshoot,lg-refrigerator-can-i-reverse-the-door-on-my-refrigerator-CT10000021-20155114213539
https://www.lg.com/us/support/help-library/lg-laptop-number-keys-are-not-working-on-the-keyboard-CT10000030-20155114286260,,support_troubleshoot,lg-laptop-number-keys-are-not-working-on-the-keyboard-CT10000030-20155114286260
https://www.lg.com/us/support/help-library/lg-laptop-how-to-fix-bluetooth-connection-issues-and-install-drivers-CT30017683-20155115712246,,support_troubleshoot,lg-laptop-how-to-fix-bluetooth-connection-issues-and-install-drivers-CT30017683-20155115712246
https://www.lg.com/us/support/help-library/lg-tv-why-isn-t-the-volume-indicator-showing-on-the-screen-CT10000030-20155115737407,,support_troubleshoot,lg-tv-why-isn-t-the-volume-indicator-showing-on-the-screen-CT10000030-20155115737407
https://www.lg.com/us/support/help-library/lg-ceiling-mounted-ac-how-do-i-control-units-separately-when-they-turn-on-together-CT10000014-20155115744992,,support_troubleshoot,lg-ceiling-mounted-ac-how-do-i-control-units-separately-when-they-turn-on-together-CT10000014-20155115744992
https://www.lg.com/us/support/help-library/lg-monitor-how-to-install-onscreen-control-osc-and-use-its-features-CT32009622-20155115803113,,support_troubleshoot,lg-monitor-how-to-install-onscreen-control-osc-and-use-its-features-CT32009622-20155115803113
https://www.lg.com/us/support/help-library/lg-air-conditioner-heating-airflow-stops-and-a-defrost-preheat-or-water-droplet-indicator-appears-CT10000014-20155115895619,,support_troubleshoot,lg-air-conditioner-heating-airflow-stops-and-a-defrost-preheat-or-water-droplet-indicator-appears-CT10000014-20155115895619
https://www.lg.com/us/support/help-library/lg-air-conditioner-how-to-read-error-codes-CT10000014-20155117719766,,support_troubleshoot,lg-air-conditioner-how-to-read-error-codes-CT10000014-20155117719766
https://www.lg.com/us/support/help-library/lg-dishwasher-why-is-cl-showing-on-the-display-and-buttons-not-responding-CT10000009-20155118238912,,support_troubleshoot,lg-dishwasher-why-is-cl-showing-on-the-display-and-buttons-not-responding-CT10000009-20155118238912
https://www.lg.com/us/support/help-library/lg-dehumidifier-what-does-the-cl-code-mean-and-how-to-fix-unresponsive-buttons-CT10000015-20155118502211,,support_troubleshoot,lg-dehumidifier-what-does-the-cl-code-mean-and-how-to-fix-unresponsive-buttons-CT10000015-20155118502211
https://www.lg.com/us/support/help-library/lg-gram-view-how-to-use-the-lg-switch-app-CT32009622-20155119001138,,support_troubleshoot,lg-gram-view-how-to-use-the-lg-switch-app-CT32009622-20155119001138
https://www.lg.com/us/support/help-library/lg-dehumidifier-why-does-the-bucket-full-light-stay-on-after-emptying-the-bucket-CT10000015-20155128297661,,support_troubleshoot,lg-dehumidifier-why-does-the-bucket-full-light-stay-on-after-emptying-the-bucket-CT10000015-20155128297661
https://www.lg.com/us/support/help-library/lg-refrigerator-what-to-do-if-water-or-ice-isn-t-dispensing-water-tank-model-CT10000021-20155128319394,,support_troubleshoot,lg-refrigerator-what-to-do-if-water-or-ice-isn-t-dispensing-water-tank-model-CT10000021-20155128319394
https://www.lg.com/us/support/help-library/lg-washing-machine-why-isn-t-the-water-heating-up-during-a-wash-CT10000010-20155130213566,,support_troubleshoot,lg-washing-machine-why-isn-t-the-water-heating-up-during-a-wash-CT10000010-20155130213566
https://www.lg.com/us/support/help-library/lg-aerocat-tower-how-to-assemble-your-aerocat-tower-CT32001601-20155130410804,,support_troubleshoot,lg-aerocat-tower-how-to-assemble-your-aerocat-tower-CT32001601-20155130410804
https://www.lg.com/us/support/help-library/lg-sound-suite-what-is-dolby-atmos-flexconnect-CT41000325-20155130443257,,support_troubleshoot,lg-sound-suite-what-is-dolby-atmos-flexconnect-CT41000325-20155130443257
https://www.lg.com/us/support/help-library/lg-aerocat-tower-how-to-clean-your-aerocat-tower-CT32001601-20155130672575,,support_troubleshoot,lg-aerocat-tower-how-to-clean-your-aerocat-tower-CT32001601-20155130672575
https://www.lg.com/us/support/help-library/lg-aerocat-tower-no-button-sound-CT32001601-20155131934045,,support_troubleshoot,lg-aerocat-tower-no-button-sound-CT32001601-20155131934045
https://www.lg.com/us/support/help-library/lg-aerocat-tower-how-to-set-the-heating-function-CT32001601-20155131944772,,support_troubleshoot,lg-aerocat-tower-how-to-set-the-heating-function-CT32001601-20155131944772
https://www.lg.com/us/support/help-library/lg-aerocat-tower-what-to-do-when-your-cat-s-weight-is-measured-incorrectly-CT32001601-20155134070130,,support_troubleshoot,lg-aerocat-tower-what-to-do-when-your-cat-s-weight-is-measured-incorrectly-CT32001601-20155134070130
https://www.lg.com/us/support/help-library/lg-aerocat-tower-how-to-turn-cat-relax-mode-on-or-off-CT32001601-20155134072512,,support_troubleshoot,lg-aerocat-tower-how-to-turn-cat-relax-mode-on-or-off-CT32001601-20155134072512
https://www.lg.com/us/support/help-library/lg-aerocat-tower-how-do-i-replace-the-cat-dome-CT32001601-20155135965653,,support_troubleshoot,lg-aerocat-tower-how-do-i-replace-the-cat-dome-CT32001601-20155135965653
https://www.lg.com/us/support/help-library/lg-monitor-how-to-fix-no-sound-issues-CT32009622-20155140644536,,support_troubleshoot,lg-monitor-how-to-fix-no-sound-issues-CT32009622-20155140644536
https://www.lg.com/us/support/help-library/lg-tv-how-to-fix-internet-connection-issues-CT10000030-20155140875834,,support_troubleshoot,lg-tv-how-to-fix-internet-connection-issues-CT10000030-20155140875834
https://www.lg.com/us/support/help-library/should-i-remove-the-protective-film-from-my-lg-monitor-CT32009622-20155143214666,,support_troubleshoot,should-i-remove-the-protective-film-from-my-lg-monitor-CT32009622-20155143214666
https://www.lg.com/us/support/help-library/lg-tv-the-tv-won-t-turn-off-CT10000018-20155146786274,,support_troubleshoot,lg-tv-the-tv-won-t-turn-off-CT10000018-20155146786274
https://www.lg.com/us/support/help-library/what-to-do-if-the-interior-light-in-your-lg-refrigerator-is-missing-or-not-working-CT10000021-20155148959483,,support_troubleshoot,what-to-do-if-the-interior-light-in-your-lg-refrigerator-is-missing-or-not-working-CT10000021-20155148959483
https://www.lg.com/us/support/help-library/lg-tv-how-to-agree-to-the-user-agreements-CT10000030-20155154186594,,support_troubleshoot,lg-tv-how-to-agree-to-the-user-agreements-CT10000030-20155154186594
https://www.lg.com/us/support/help-library/lg-beam-projector-how-do-i-connect-a-bluetooth-device-CT00000299-20155155360311,,support_troubleshoot,lg-beam-projector-how-do-i-connect-a-bluetooth-device-CT00000299-20155155360311
https://www.lg.com/us/support/help-library/how-to-adjust-the-temperature-for-lg-refrigerators-CT10000021-20155177646963,,support_troubleshoot,how-to-adjust-the-temperature-for-lg-refrigerators-CT10000021-20155177646963
https://www.lg.com/us/support/help-library/lg-tv-time-machine-how-can-i-use-the-time-machine-recording-feature-CT10000018-20155179472429,,support_troubleshoot,lg-tv-time-machine-how-can-i-use-the-time-machine-recording-feature-CT10000018-20155179472429
https://www.lg.com/us/support/help-library/how-to-download-the-lg-onscreen-control-osc-app-and-update-monitor-software-or-firmware-CT32009622-20155181422101,,support_troubleshoot,how-to-download-the-lg-onscreen-control-osc-app-and-update-monitor-software-or-firmware-CT32009622-20155181422101
https://www.lg.com/us/support/help-library/what-are-the-causes-and-solutions-for-the-e15-error-code-CT32001601-20155183800048,,support_troubleshoot,what-are-the-causes-and-solutions-for-the-e15-error-code-CT32001601-20155183800048
https://www.lg.com/us/support/help-library/how-to-fix-an-lg-window-air-conditioner-not-blowing-cold-air-weak-cooling-CT10000014-20155184079391,,support_troubleshoot,how-to-fix-an-lg-window-air-conditioner-not-blowing-cold-air-weak-cooling-CT10000014-20155184079391
https://www.lg.com/us/support/help-library/why-does-the-lg-air-purifier-suddenly-get-louder-even-when-the-indicator-is-blue-good-CT32001601-20155198562109,,support_troubleshoot,why-does-the-lg-air-purifier-suddenly-get-louder-even-when-the-indicator-is-blue-good-CT32001601-20155198562109
https://www.lg.com/us/support/help-library/why-your-lg-air-conditioner-smells-bad-and-how-to-fix-it-CT10000014-20155198987602,,support_troubleshoot,why-your-lg-air-conditioner-smells-bad-and-how-to-fix-it-CT10000014-20155198987602
https://www.lg.com/us/support/help-library/why-does-my-lg-ceiling-air-conditioner-show-CT10000014-20155198995444,,support_troubleshoot,why-does-my-lg-ceiling-air-conditioner-show-CT10000014-20155198995444
https://www.lg.com/us/support/help-library/what-to-do-if-water-gets-into-the-outdoor-unit-CT10000014-20155198999366,,support_troubleshoot,what-to-do-if-water-gets-into-the-outdoor-unit-CT10000014-20155198999366
https://www.lg.com/us/support/help-library/why-your-newly-installed-ceiling-mounted-air-conditioner-smells-like-chemicals-CT10000014-20155199002531,,support_troubleshoot,why-your-newly-installed-ceiling-mounted-air-conditioner-smells-like-chemicals-CT10000014-20155199002531
https://www.lg.com/us/support/help-library/lg-refrigerator-how-to-use-the-dispenser-CT10000021-20155200206392,,support_troubleshoot,lg-refrigerator-how-to-use-the-dispenser-CT10000021-20155200206392
https://www.lg.com/us/support/help-library/the-vegetables-fruits-stored-in-the-vegetable-box-drawer-of-my-lg-top-bottom-freezer-refrigerator-are-frozen-CT10000021-20155209276355,,support_troubleshoot,the-vegetables-fruits-stored-in-the-vegetable-box-drawer-of-my-lg-top-bottom-freezer-refrigerator-are-frozen-CT10000021-20155209276355
https://www.lg.com/us/support/help-library/lg-monitor-how-to-fix-apps-that-keep-freezing-crashing-or-won-t-load-CT32003206-20155219491408,,support_troubleshoot,lg-monitor-how-to-fix-apps-that-keep-freezing-crashing-or-won-t-load-CT32003206-20155219491408
https://www.lg.com/us/support/help-library/lg-front-load-washing-machine-i-want-to-add-more-rinse-cycles-CT10000010-20155251414314,,support_troubleshoot,lg-front-load-washing-machine-i-want-to-add-more-rinse-cycles-CT10000010-20155251414314
https://www.lg.com/us/support/help-library/lg-refrigerator-why-does-the-refrigerator-keep-beeping-even-when-the-door-is-closed-CT10000021-20155255018616,,support_troubleshoot,lg-refrigerator-why-does-the-refrigerator-keep-beeping-even-when-the-door-is-closed-CT10000021-20155255018616
https://www.lg.com/us/support/help-library/can-i-move-my-lg-refrigerator-on-its-side-how-to-move-and-install-it-safely-CT10000021-20155255782623,,support_troubleshoot,can-i-move-my-lg-refrigerator-on-its-side-how-to-move-and-install-it-safely-CT10000021-20155255782623
https://www.lg.com/us/support/help-library/lg-refrigerator-door-signature-the-auto-door-does-not-open-CT10000021-20155263919097,,support_troubleshoot,lg-refrigerator-door-signature-the-auto-door-does-not-open-CT10000021-20155263919097
https://www.lg.com/us/support/help-library/lg-refrigerator-troubleshooting-water-ice-related-issues-CT00023125-20155265311822,,support_troubleshoot,lg-refrigerator-troubleshooting-water-ice-related-issues-CT00023125-20155265311822
https://www.lg.com/us/support/help-library/how-to-connect-a-bluetooth-audio-device-to-your-lg-projector-CT00000299-20155265980762,,support_troubleshoot,how-to-connect-a-bluetooth-audio-device-to-your-lg-projector-CT00000299-20155265980762
https://www.lg.com/us/support/help-library/how-to-adjust-uneven-doors-on-your-lg-refrigerator-CT10000021-20155268060157,,support_troubleshoot,how-to-adjust-uneven-doors-on-your-lg-refrigerator-CT10000021-20155268060157
https://www.lg.com/us/support/help-library/how-to-find-the-mac-address-on-your-laptop-CT10000030-20155268087144,,support_troubleshoot,how-to-find-the-mac-address-on-your-laptop-CT10000030-20155268087144
https://www.lg.com/us/support/help-library/how-to-set-automatic-or-manual-ip-settings-on-your-lg-pc-CT10000030-20155268393250,,support_troubleshoot,how-to-set-automatic-or-manual-ip-settings-on-your-lg-pc-CT10000030-20155268393250
https://www.lg.com/us/support/help-library/how-to-zoom-in-when-text-on-a-webpage-is-too-small-in-microsoft-edge-CT10000030-20155268967769,,support_troubleshoot,how-to-zoom-in-when-text-on-a-webpage-is-too-small-in-microsoft-edge-CT10000030-20155268967769
https://www.lg.com/us/support/help-library/how-to-clear-browsing-history-in-microsoft-edge-on-your-lg-laptop-CT10000030-20155269097481,,support_troubleshoot,how-to-clear-browsing-history-in-microsoft-edge-on-your-lg-laptop-CT10000030-20155269097481
https://www.lg.com/us/support/help-library/how-to-troubleshoot-water-leaking-from-the-ceiling-or-pooling-on-the-floor-in-your-lg-top-freezer-refrigerator-CT10000021-20155272207393,,support_troubleshoot,how-to-troubleshoot-water-leaking-from-the-ceiling-or-pooling-on-the-floor-in-your-lg-top-freezer-refrigerator-CT10000021-20155272207393
https://www.lg.com/us/support/help-library/what-should-i-do-if-the-control-panel-buttons-on-my-lg-refrigerator-are-not-responding-CT10000021-20155272218724,,support_troubleshoot,what-should-i-do-if-the-control-panel-buttons-on-my-lg-refrigerator-are-not-responding-CT10000021-20155272218724
https://www.lg.com/us/support/help-library/why-doesn-t-the-odor-level-change-even-when-the-air-purifier-smells-CT32001601-20155274463319,,support_troubleshoot,why-doesn-t-the-odor-level-change-even-when-the-air-purifier-smells-CT32001601-20155274463319
https://www.lg.com/us/support/help-library/the-refrigerator-keeps-beeping-even-when-the-door-is-closed-what-should-i-do-CT10000021-20155295246047,,support_troubleshoot,the-refrigerator-keeps-beeping-even-when-the-door-is-closed-what-should-i-do-CT10000021-20155295246047
https://www.lg.com/us/support/help-library/troubleshooting-an-lg-refrigerator-not-cooling-properly-CT10000021-20155295246336,,support_troubleshoot,troubleshooting-an-lg-refrigerator-not-cooling-properly-CT10000021-20155295246336
https://www.lg.com/us/support/help-library/why-does-my-lg-air-purifier-indicator-turn-red-poor-when-i-turn-on-my-air-conditioner-CT32001601-20155297247983,,support_troubleshoot,why-does-my-lg-air-purifier-indicator-turn-red-poor-when-i-turn-on-my-air-conditioner-CT32001601-20155297247983
https://www.lg.com/us/support/help-library/lg-refrigerator-display-flickering-causes-and-how-to-fix-it-CT10000021-20155297565567,,support_troubleshoot,lg-refrigerator-display-flickering-causes-and-how-to-fix-it-CT10000021-20155297565567
https://www.lg.com/us/support/help-library/new-lg-microwave-burning-smell-or-noise-causes-and-solutions-CT00000303-20155299036938,,support_troubleshoot,new-lg-microwave-burning-smell-or-noise-causes-and-solutions-CT00000303-20155299036938
https://www.lg.com/us/support/help-library/how-to-fix-unusual-water-taste-or-odor-in-your-lg-refrigerator-or-water-purifier-CT10000021-20155299527974,,support_troubleshoot,how-to-fix-unusual-water-taste-or-odor-in-your-lg-refrigerator-or-water-purifier-CT10000021-20155299527974
https://www.lg.com/us/support/help-library/my-lg-refrigerator-makes-a-loud-noise-when-ice-drops-into-the-bin-how-can-i-reduce-it-CT10000021-20155301953480,,support_troubleshoot,my-lg-refrigerator-makes-a-loud-noise-when-ice-drops-into-the-bin-how-can-i-reduce-it-CT10000021-20155301953480
https://www.lg.com/us/support/help-library/troubleshooting-clean-booster-rotation-issues-on-the-lg-puricare-360-air-purifier-CT32001601-20155304383199,,support_troubleshoot,troubleshooting-clean-booster-rotation-issues-on-the-lg-puricare-360-air-purifier-CT32001601-20155304383199
https://www.lg.com/us/support/help-library/what-to-check-if-your-lg-tv-has-no-sound-CT10000030-20155311239786,,support_troubleshoot,what-to-check-if-your-lg-tv-has-no-sound-CT10000030-20155311239786
https://www.lg.com/us/support/help-library/how-to-fix-a-dark-or-dim-picture-on-your-lg-tv-CT10000030-20155311256311,,support_troubleshoot,how-to-fix-a-dark-or-dim-picture-on-your-lg-tv-CT10000030-20155311256311
https://www.lg.com/us/support/help-library/how-to-connect-your-lg-soundbar-wireless-subwoofer-and-rear-speakers-CT41000325-20155311275375,,support_troubleshoot,how-to-connect-your-lg-soundbar-wireless-subwoofer-and-rear-speakers-CT41000325-20155311275375
https://www.lg.com/us/support/help-library/tv-channels-are-missing-how-do-i-run-auto-tuning-CT10000030-20155311291362,,support_troubleshoot,tv-channels-are-missing-how-do-i-run-auto-tuning-CT10000030-20155311291362
https://www.lg.com/us/support/help-library/how-do-i-factory-reset-my-lg-tv-if-it-keeps-freezing-or-showing-errors-CT10000030-20155311398606,,support_troubleshoot,how-do-i-factory-reset-my-lg-tv-if-it-keeps-freezing-or-showing-errors-CT10000030-20155311398606
https://www.lg.com/us/support/help-library/how-to-display-your-pc-screen-on-your-lg-tv-wired-or-wireless-CT10000030-20155311452172,,support_troubleshoot,how-to-display-your-pc-screen-on-your-lg-tv-wired-or-wireless-CT10000030-20155311452172
https://www.lg.com/us/support/help-library/mirror-your-smartphone-to-your-lg-tv-wirelessly-android-and-iphone-CT10000030-20155311499809,,support_troubleshoot,mirror-your-smartphone-to-your-lg-tv-wirelessly-android-and-iphone-CT10000030-20155311499809
https://www.lg.com/us/support/help-library/how-to-install-and-delete-apps-on-your-lg-tv-CT10000030-20155331395481,,support_troubleshoot,how-to-install-and-delete-apps-on-your-lg-tv-CT10000030-20155331395481
https://www.lg.com/us/support/help-library/lg-tv-has-sound-but-no-picture-CT10000030-20155333770694,,support_troubleshoot,lg-tv-has-sound-but-no-picture-CT10000030-20155333770694
https://www.lg.com/us/support/help-library/why-your-lg-refrigerator-display-control-panel-is-flickering-and-how-to-fix-it-CT10000021-20155333888599,,support_troubleshoot,why-your-lg-refrigerator-display-control-panel-is-flickering-and-how-to-fix-it-CT10000021-20155333888599
https://www.lg.com/us/support/help-library/why-does-my-air-conditioner-smell-in-fan-mode-and-how-can-i-fix-it-CT10000014-20155342652781,,support_troubleshoot,why-does-my-air-conditioner-smell-in-fan-mode-and-how-can-i-fix-it-CT10000014-20155342652781
https://www.lg.com/us/support/help-library/why-the-dhe-error-code-appears-during-a-dry-cycle-on-your-lg-washer-dryer-combo-and-how-to-fix-it-CT10000012-20155348055662,,support_troubleshoot,why-the-dhe-error-code-appears-during-a-dry-cycle-on-your-lg-washer-dryer-combo-and-how-to-fix-it-CT10000012-20155348055662
https://www.lg.com/us/support/help-library/how-to-use-the-spin-only-cycle-on-your-lg-washer-CT10000012-20155348095758,,support_troubleshoot,how-to-use-the-spin-only-cycle-on-your-lg-washer-CT10000012-20155348095758
https://www.lg.com/us/support/help-library/how-to-fix-an-lg-dishwasher-that-is-not-draining-oe-error-CT10000009-20155352254013,,support_troubleshoot,how-to-fix-an-lg-dishwasher-that-is-not-draining-oe-error-CT10000009-20155352254013
https://www.lg.com/us/support/help-library/lg-air-conditioner-how-to-use-the-remote-control-CT10000014-20155363574974,,support_troubleshoot,lg-air-conditioner-how-to-use-the-remote-control-CT10000014-20155363574974
https://www.lg.com/us/support/help-library/lg-air-conditioner-why-is-water-dripping-or-condensation-forming-on-the-air-conditioner-CT10000014-20155363574975,,support_troubleshoot,lg-air-conditioner-why-is-water-dripping-or-condensation-forming-on-the-air-conditioner-CT10000014-20155363574975
https://www.lg.com/us/support/help-library/can-i-use-my-lg-air-purifier-while-cooking-CT32001601-20155366414427,,support_troubleshoot,can-i-use-my-lg-air-purifier-while-cooking-CT32001601-20155366414427
https://www.lg.com/us/support/help-library/what-to-do-if-your-lg-refrigerator-light-is-not-working-CT10000021-20155368581111,,support_troubleshoot,what-to-do-if-your-lg-refrigerator-light-is-not-working-CT10000021-20155368581111
https://www.lg.com/us/support/help-library/why-your-lg-dishwasher-isn-t-cleaning-dishes-well-and-how-to-fix-it-CT10000009-20155370301554,,support_troubleshoot,why-your-lg-dishwasher-isn-t-cleaning-dishes-well-and-how-to-fix-it-CT10000009-20155370301554
https://www.lg.com/us/support/help-library/how-to-fix-lines-or-dots-on-your-lg-tv-screen-CT10000018-20155377712544,,support_troubleshoot,how-to-fix-lines-or-dots-on-your-lg-tv-screen-CT10000018-20155377712544
https://www.lg.com/us/support/help-library/how-to-troubleshoot-unusual-noises-from-your-lg-refrigerator-CT10000021-20155377726975,,support_troubleshoot,how-to-troubleshoot-unusual-noises-from-your-lg-refrigerator-CT10000021-20155377726975
https://www.lg.com/us/support/help-library/how-to-stop-one-remote-from-turning-on-multiple-devices-CT10000018-20155377784949,,support_troubleshoot,how-to-stop-one-remote-from-turning-on-multiple-devices-CT10000018-20155377784949
https://www.lg.com/us/support/help-library/why-won-t-my-lg-front-load-washer-door-open-CT10000010-20155379379322,,support_troubleshoot,why-won-t-my-lg-front-load-washer-door-open-CT10000010-20155379379322
https://www.lg.com/us/support/help-library/lg-dios-dishwasher-power-turns-off-minutes-after-operation-begins-CT10000009-20155379438411,,support_troubleshoot,lg-dios-dishwasher-power-turns-off-minutes-after-operation-begins-CT10000009-20155379438411
https://www.lg.com/us/support/help-library/how-to-turn-on-the-set-top-box-with-the-magic-remote-2021-or-later-CT10000030-20155379602255,,support_troubleshoot,how-to-turn-on-the-set-top-box-with-the-magic-remote-2021-or-later-CT10000030-20155379602255
https://www.lg.com/us/support/help-library/how-to-fix-picture-but-no-sound-when-connecting-a-pc-to-an-lg-tv-via-hdmi-CT10000018-20155379623163,,support_troubleshoot,how-to-fix-picture-but-no-sound-when-connecting-a-pc-to-an-lg-tv-via-hdmi-CT10000018-20155379623163
https://www.lg.com/us/support/help-library/how-to-fix-an-unsupported-file-error-when-playing-videos-from-a-usb-drive-on-your-lg-projector-CT00000299-20155379910615,,support_troubleshoot,how-to-fix-an-unsupported-file-error-when-playing-videos-from-a-usb-drive-on-your-lg-projector-CT00000299-20155379910615
https://www.lg.com/us/support/help-library/lg-refrigerator-what-to-do-if-water-or-ice-isn-t-dispensing-water-tank-model-CT10000021-20155380008838,,support_troubleshoot,lg-refrigerator-what-to-do-if-water-or-ice-isn-t-dispensing-water-tank-model-CT10000021-20155380008838
https://www.lg.com/us/support/help-library/how-to-fix-a-blurry-or-misaligned-projector-image-CT00000299-20155381399950,,support_troubleshoot,how-to-fix-a-blurry-or-misaligned-projector-image-CT00000299-20155381399950
https://www.lg.com/us/support/help-library/how-to-fix-lines-or-marks-on-your-lg-oled-monitor-using-image-cleaning-CT32009622-20155383934193,,support_troubleshoot,how-to-fix-lines-or-marks-on-your-lg-oled-monitor-using-image-cleaning-CT32009622-20155383934193
https://www.lg.com/us/support/help-library/how-to-connect-the-water-supply-line-to-your-lg-refrigerator-CT10000021-20155386340166,,support_troubleshoot,how-to-connect-the-water-supply-line-to-your-lg-refrigerator-CT10000021-20155386340166
https://www.lg.com/us/support/help-library/how-to-fix-no-sound-or-monitor-not-appearing-in-windows-11-sound-settings-CT30017683-20155386344485,,support_troubleshoot,how-to-fix-no-sound-or-monitor-not-appearing-in-windows-11-sound-settings-CT30017683-20155386344485
https://www.lg.com/us/support/help-library/how-to-fix-lines-or-spots-on-your-lg-oled-tv-with-pixel-cleaning-CT10000018-20155393779174,,support_troubleshoot,how-to-fix-lines-or-spots-on-your-lg-oled-tv-with-pixel-cleaning-CT10000018-20155393779174
https://www.lg.com/us/support/help-library/how-to-set-up-universal-control-for-connected-devices-on-your-lg-projector-CT00000299-20155394073579,,support_troubleshoot,how-to-set-up-universal-control-for-connected-devices-on-your-lg-projector-CT00000299-20155394073579
https://www.lg.com/us/support/help-library/no-sound-from-a-connected-external-device-sound-bar-bluetooth-earbuds-on-your-lg-tv-CT41000327-20155394137664,,support_troubleshoot,no-sound-from-a-connected-external-device-sound-bar-bluetooth-earbuds-on-your-lg-tv-CT41000327-20155394137664
https://www.lg.com/us/support/help-library/how-to-use-the-spin-only-cycle-on-your-lg-washer-CT10000012-20155394196264,,support_troubleshoot,how-to-use-the-spin-only-cycle-on-your-lg-washer-CT10000012-20155394196264
https://www.lg.com/us/support/help-library/if-the-pixel-cleaning-notification-keeps-appearing-on-your-lg-oled-tv-CT10000018-20155394207520,,support_troubleshoot,if-the-pixel-cleaning-notification-keeps-appearing-on-your-lg-oled-tv-CT10000018-20155394207520
https://www.lg.com/us/support/help-library/if-your-lg-laptop-battery-is-not-charging-CT10000030-20155394234620,,support_troubleshoot,if-your-lg-laptop-battery-is-not-charging-CT10000030-20155394234620
https://www.lg.com/us/support/help-library/how-to-fix-closed-captions-not-showing-on-your-lg-tv-CT10000018-20155394239708,,support_troubleshoot,how-to-fix-closed-captions-not-showing-on-your-lg-tv-CT10000018-20155394239708
https://www.lg.com/us/support/help-library/how-to-connect-a-bluetooth-device-to-your-lg-tv-CT10000030-20155394274758,,support_troubleshoot,how-to-connect-a-bluetooth-device-to-your-lg-tv-CT10000030-20155394274758
https://www.lg.com/us/support/help-library/how-to-scan-your-lg-laptop-for-viruses-and-remove-malware-CT10000030-20155394376986,,support_troubleshoot,how-to-scan-your-lg-laptop-for-viruses-and-remove-malware-CT10000030-20155394376986
https://www.lg.com/us/support/help-library/if-detergent-does-not-dispense-or-remains-in-your-lg-front-load-washer-CT10000010-20155394392174,,support_troubleshoot,if-detergent-does-not-dispense-or-remains-in-your-lg-front-load-washer-CT10000010-20155394392174
https://www.lg.com/us/support/help-library/how-to-fix-the-magic-remote-pointer-not-appearing-on-your-lg-tv-CT10000030-20155394402958,,support_troubleshoot,how-to-fix-the-magic-remote-pointer-not-appearing-on-your-lg-tv-CT10000030-20155394402958
https://www.lg.com/us/support/help-library/how-to-fix-the-no-signal-message-on-your-lg-monitor-CT32003207-20155394435120,,support_troubleshoot,how-to-fix-the-no-signal-message-on-your-lg-monitor-CT32003207-20155394435120
https://www.lg.com/us/support/help-library/lg-monitor-won-t-turn-on-CT32003206-20155394482942,,support_troubleshoot,lg-monitor-won-t-turn-on-CT32003206-20155394482942
https://www.lg.com/us/support/help-library/how-to-troubleshoot-error-codes-ch03-and-ch04-on-your-lg-ceiling-mounted-air-conditioner-CT10000014-20155396626868,,support_troubleshoot,how-to-troubleshoot-error-codes-ch03-and-ch04-on-your-lg-ceiling-mounted-air-conditioner-CT10000014-20155396626868
https://www.lg.com/us/support/help-library/why-your-lg-sound-bar-has-no-sound-and-how-to-fix-it-CT41000325-20155396722188,,support_troubleshoot,why-your-lg-sound-bar-has-no-sound-and-how-to-fix-it-CT41000325-20155396722188
https://www.lg.com/us/support/help-library/how-to-troubleshoot-error-codes-ch10-ch67-e6-and-ef-on-your-lg-air-conditioner-CT10000014-20155396792105,,support_troubleshoot,how-to-troubleshoot-error-codes-ch10-ch67-e6-and-ef-on-your-lg-air-conditioner-CT10000014-20155396792105
https://www.lg.com/us/support/help-library/how-to-fix-a-zoomed-in-picture-or-cut-off-text-on-your-lg-tv-CT10000030-20155399003922,,support_troubleshoot,how-to-fix-a-zoomed-in-picture-or-cut-off-text-on-your-lg-tv-CT10000030-20155399003922
https://www.lg.com/us/support/help-library/how-to-fix-bluetooth-connection-and-audio-dropouts-on-your-soundbar-CT41000325-20155399384384,,support_troubleshoot,how-to-fix-bluetooth-connection-and-audio-dropouts-on-your-soundbar-CT41000325-20155399384384
https://www.lg.com/us/support/help-library/how-to-troubleshoot-error-codes-ch01-ch02-ch06-ch12-ch41-ch42-ch43-ch44-ch45-ch46-ch47-ch48-e1-e2-e3-e7-e8-f2-f3-ch21-ch23-ch26-ch29-and-e9-on-your-lg-air-conditioner-CT10000014-20155399529696,,support_troubleshoot,how-to-troubleshoot-error-codes-ch01-ch02-ch06-ch12-ch41-ch42-ch43-ch44-ch45-ch46-ch47-ch48-e1-e2-e3-e7-e8-f2-f3-ch21-ch23-ch26-ch29-and-e9-on-your-lg-air-conditioner-CT10000014-20155399529696
https://www.lg.com/us/support/help-library/how-to-troubleshoot-the-error-codes-on-your-lg-refrigerator-co-od-sd-ci-if-cf-iu-dh-d1-d2-d-h1-h2-fs-rs-f1-f2-us-ls-e1-e2-r-ds-is-id-gs-and-gf-CT10000021-20155399831331,,support_troubleshoot,how-to-troubleshoot-the-error-codes-on-your-lg-refrigerator-co-od-sd-ci-if-cf-iu-dh-d1-d2-d-h1-h2-fs-rs-f1-f2-us-ls-e1-e2-r-ds-is-id-gs-and-gf-CT10000021-20155399831331
https://www.lg.com/us/support/help-library/how-to-troubleshoot-error-codes-ch05-53-e0-ch32-33-36-38-f4-ch66-90-91-92-and-93-on-your-lg-air-conditioner-CT10000014-20155402834134,,support_troubleshoot,how-to-troubleshoot-error-codes-ch05-53-e0-ch32-33-36-38-f4-ch66-90-91-92-and-93-on-your-lg-air-conditioner-CT10000014-20155402834134
https://www.lg.com/us/support/help-library/if-your-lg-tv-won-t-turn-on-CT10000030-20155409990559,,support_troubleshoot,if-your-lg-tv-won-t-turn-on-CT10000030-20155409990559
https://www.lg.com/us/support/help-library/how-to-calibrate-your-monitor-using-lg-calibration-studio-CT32009622-20155410023763,,support_troubleshoot,how-to-calibrate-your-monitor-using-lg-calibration-studio-CT32009622-20155410023763
https://www.lg.com/us/support/help-library/how-to-change-the-wake-up-word-on-your-lg-tv-CT10000030-20155410111858,,support_troubleshoot,how-to-change-the-wake-up-word-on-your-lg-tv-CT10000030-20155410111858
https://www.lg.com/us/support/help-library/how-to-install-and-update-drivers-on-your-lg-laptop-CT30017683-20155410253523,,support_troubleshoot,how-to-install-and-update-drivers-on-your-lg-laptop-CT30017683-20155410253523
https://www.lg.com/us/support/help-library/how-to-fix-an-lg-laptop-touchpad-that-is-not-working-CT10000030-20155410290482,,support_troubleshoot,how-to-fix-an-lg-laptop-touchpad-that-is-not-working-CT10000030-20155410290482
https://www.lg.com/us/support/help-library/how-to-sync-the-picture-and-sound-on-your-lg-tv-CT10000030-20155410401575,,support_troubleshoot,how-to-sync-the-picture-and-sound-on-your-lg-tv-CT10000030-20155410401575
https://www.lg.com/us/support/help-library/how-to-set-the-startup-screen-on-your-lg-tv-CT10000030-20155412183664,,support_troubleshoot,how-to-set-the-startup-screen-on-your-lg-tv-CT10000030-20155412183664
https://www.lg.com/us/support/help-library/how-to-turn-off-your-tv-power-sound-CT10000018-20155412210561,,support_troubleshoot,how-to-turn-off-your-tv-power-sound-CT10000018-20155412210561
https://www.lg.com/us/support/help-library/how-to-identify-and-fix-noises-from-your-lg-air-conditioner-CT10000014-20155412568680,,support_troubleshoot,how-to-identify-and-fix-noises-from-your-lg-air-conditioner-CT10000014-20155412568680
https://www.lg.com/us/support/help-library/how-to-use-lg-remote-service-on-your-tv-CT10000030-20155414928552,,support_troubleshoot,how-to-use-lg-remote-service-on-your-tv-CT10000030-20155414928552
https://www.lg.com/us/support/help-library/how-to-sign-in-to-your-lg-account-on-your-tv-CT10000030-20155416335469,,support_troubleshoot,how-to-sign-in-to-your-lg-account-on-your-tv-CT10000030-20155416335469
https://www.lg.com/us/support/help-library/if-your-lg-dishwasher-feels-hot-during-operation-CT10000009-20155416960018,,support_troubleshoot,if-your-lg-dishwasher-feels-hot-during-operation-CT10000009-20155416960018
https://www.lg.com/us/support/help-library/if-your-lg-dishwasher-stops-with-a-be-error-code-CT10000009-20155417081469,,support_troubleshoot,if-your-lg-dishwasher-stops-with-a-be-error-code-CT10000009-20155417081469
https://www.lg.com/us/support/help-library/if-you-hear-the-check-the-dust-bin-message-on-your-lg-cordzero-r9-robot-vacuum-CT10000013-20155418896977,,support_troubleshoot,if-you-hear-the-check-the-dust-bin-message-on-your-lg-cordzero-r9-robot-vacuum-CT10000013-20155418896977
https://www.lg.com/us/support/help-library/if-water-leaks-from-the-faucet-or-water-supply-hose-on-your-lg-front-load-washer-CT10000012-20155418896986,,support_troubleshoot,if-water-leaks-from-the-faucet-or-water-supply-hose-on-your-lg-front-load-washer-CT10000012-20155418896986
